url	words	h2	sections	has_toc
/faq/	3851	16	2	0
/eyal-amit/mokesh-dahiman/	3450	12	23	0
/historical-articles/	3154	5	0	0
/snoring-sleep-apnea/	2841	14	21	1
/books/vekatavta/	2737	10	16	0
/books/kushi-blantis/	2560	9	13	0
/books/tsva-bekahol/	2466	9	13	0
/en/	2456	28	35	0
/treatment/	2203	11	13	0
/method/	1743	13	15	0
/learning/workshops/	1658	13	16	0
/lessons/	1440	9	11	0
/sound-healing/	1417	9	13	0
/eyal-amit/	1337	13	16	0
/	1324	11	15	0
/testimonials/	1168	5	7	0
/galleries/	1118	0	2	0
/repair/	860	7	10	0
/press/	836	5	7	0
/didgeridoos/	833	8	14	0
/stands-storage/	741	9	12	0
/bags/	692	8	13	0
/learning/lectures/	660	9	12	0
/stand-floor/	533	8	10	0
/books/	488	6	9	0
/blog/	477	12	2	0
/accessibility/	474	6	7	0
/privacy/	340	7	8	0
/terms/	283	7	8	0
/learning/	176	5	9	0
/learning/therapist-training/	176	4	5	0
/contact/	93	2	4	0
/shop/	60	5	2	0
/thank-you/	8	0	2	0
/learning/courses-external/	0	0	1	0
