מזהה,שם_עמוד,נתיב,נתיב_decoded,סוג,HTTP_ראשון,HTTP_סופי,נתיב_סופי,URL_סופי,חבילה_דרייב,חפיפה_סבב1,דלי_מוצע,נימוק
R2-001,אודות אייל עמית,/about/,/about/,עמוד,200,200,/about/,http://eyalamit-co-il-2026.s887.upress.link/about/,אודות - אייל עמית,כפילות אפשרית מול אייל עמית / מוקש דהימן בסבב 1,נימרוד,"חבילת דרייב משותפת עם עמודי סבב 1 — כפילות נתיבים, לא בייטים להדבקה."
R2-002,מוקש דהימן — על השם,/about/moksha/,/about/moksha/,עמוד,200,200,/about/moksha/,http://eyalamit-co-il-2026.s887.upress.link/about/moksha/,מוקש - דף הנחצחה לזרכו ופועלו,כפילות אפשרית מול אייל עמית / מוקש דהימן בסבב 1,נימרוד,"חבילת דרייב משותפת עם עמודי סבב 1 — כפילות נתיבים, לא בייטים להדבקה."
R2-003,הצהרת נגישות,/accessibility/,/accessibility/,עמוד,200,200,/accessibility/,http://eyalamit-co-il-2026.s887.upress.link/accessibility/,אין,,הקפאה,אין תיקייה ב-content 13.8.26 ואין קובץ סקירה. בלי מקור לא מדביקים.
R2-004,קורסים — בקרוב,/courses-soon/,/courses-soon/,legacy/301,301,200,/learning/courses-external/,http://eyalamit-co-il-2026.s887.upress.link/learning/courses-external/,אין,יעד 301 הוא עמוד סבב 2 בלי חבילה,נימרוד,"ה-301 חי, אך היעד אינו עמוד שהוגש בסבב 1 — צריך הכרעה אם זה מספיק."
R2-005,השיטה,/hashita/,/hashita/,legacy/301,301,200,/method/,http://eyalamit-co-il-2026.s887.upress.link/method/,אין,יעד 301 הוא עמוד שהוגש בסבב 1,ברור,הטרקר מגדיר פעולה אחת: אימות יעד 301 בלי עריכת תוכן. החי מפנה לעמוד שהוגש בסבב 1.
R2-006,כתבות היסטוריות,/historical-articles/,/historical-articles/,עמוד,200,200,/historical-articles/,http://eyalamit-co-il-2026.s887.upress.link/historical-articles/,אין,,הקפאה,אין תיקייה ב-content 13.8.26 ואין קובץ סקירה. בלי מקור לא מדביקים.
R2-007,קורסים (סקולר / חיצוני),/learning/courses-external/,/learning/courses-external/,עמוד,200,200,/learning/courses-external/,http://eyalamit-co-il-2026.s887.upress.link/learning/courses-external/,אין,פריט תפריט קורסים בסבב 1 מוקפא ומפנה ל-#,הקפאה,אין תיקייה ב-content 13.8.26 ואין קובץ סקירה. בלי מקור לא מדביקים.
R2-008,מוזה הוצאה לאור,/muzeh/,/muzeh/,legacy/301,301,200,/books/,http://eyalamit-co-il-2026.s887.upress.link/books/,אין,יעד 301 הוא עמוד שהוגש בסבב 1,ברור,הטרקר מגדיר פעולה אחת: אימות יעד 301 בלי עריכת תוכן. החי מפנה לעמוד שהוגש בסבב 1.
R2-009,כושי בלאנטיס,/muzeh/kushi-blantis/,/muzeh/kushi-blantis/,legacy/301,301,200,/books/kushi-blantis/,http://eyalamit-co-il-2026.s887.upress.link/books/kushi-blantis/,אין,יעד 301 הוא עמוד שהוגש בסבב 1,ברור,הטרקר מגדיר פעולה אחת: אימות יעד 301 בלי עריכת תוכן. החי מפנה לעמוד שהוגש בסבב 1.
R2-010,צבע בכחול וזרוק לים,/muzeh/tsva-bechol-ve-zorek-layam/,/muzeh/tsva-bechol-ve-zorek-layam/,legacy/301,301,200,/books/tsva-bekahol/,http://eyalamit-co-il-2026.s887.upress.link/books/tsva-bekahol/,אין,יעד 301 הוא עמוד שהוגש בסבב 1,ברור,הטרקר מגדיר פעולה אחת: אימות יעד 301 בלי עריכת תוכן. החי מפנה לעמוד שהוגש בסבב 1.
R2-011,וכתבת,/muzeh/vekatavt/,/muzeh/vekatavt/,legacy/301,301,200,/books/vekatavta/,http://eyalamit-co-il-2026.s887.upress.link/books/vekatavta/,אין,יעד 301 הוא עמוד שהוגש בסבב 1,ברור,הטרקר מגדיר פעולה אחת: אימות יעד 301 בלי עריכת תוכן. החי מפנה לעמוד שהוגש בסבב 1.
R2-012,מוזה הוצאה לאור,/muzza/,/muzza/,legacy/301,301,200,/books/,http://eyalamit-co-il-2026.s887.upress.link/books/,אין,יעד 301 הוא עמוד שהוגש בסבב 1,ברור,הטרקר מגדיר פעולה אחת: אימות יעד 301 בלי עריכת תוכן. החי מפנה לעמוד שהוגש בסבב 1.
R2-013,צבע בכחול וזרוק לים,/muzza/tsva-bechol-ve-zorek-layam/,/muzza/tsva-bechol-ve-zorek-layam/,legacy/301,301,200,/books/tsva-bekahol/,http://eyalamit-co-il-2026.s887.upress.link/books/tsva-bekahol/,אין,יעד 301 הוא עמוד שהוגש בסבב 1,ברור,הטרקר מגדיר פעולה אחת: אימות יעד 301 בלי עריכת תוכן. החי מפנה לעמוד שהוגש בסבב 1.
R2-014,וכתבת,/muzza/vekatavt/,/muzza/vekatavt/,legacy/301,301,200,/books/vekatavta/,http://eyalamit-co-il-2026.s887.upress.link/books/vekatavta/,אין,יעד 301 הוא עמוד שהוגש בסבב 1,ברור,הטרקר מגדיר פעולה אחת: אימות יעד 301 בלי עריכת תוכן. החי מפנה לעמוד שהוגש בסבב 1.
R2-015,עיתונות,/press/,/press/,עמוד,200,200,/press/,http://eyalamit-co-il-2026.s887.upress.link/press/,אין,,הקפאה,אין תיקייה ב-content 13.8.26 ואין קובץ סקירה. בלי מקור לא מדביקים.
R2-016,מדיניות פרטיות,/privacy/,/privacy/,עמוד,200,200,/privacy/,http://eyalamit-co-il-2026.s887.upress.link/privacy/,אין,,הקפאה,אין תיקייה ב-content 13.8.26 ואין קובץ סקירה. בלי מקור לא מדביקים.
R2-017,שירותים,/services/,/services/,עמוד,200,200,/services/,http://eyalamit-co-il-2026.s887.upress.link/services/,אין,,הקפאה,אין תיקייה ב-content 13.8.26 ואין קובץ סקירה. בלי מקור לא מדביקים.
R2-018,שיעורי דיג'רידו / נגינה,/services/didgeridoo-lessons/,/services/didgeridoo-lessons/,legacy/301,301,200,/lessons/,http://eyalamit-co-il-2026.s887.upress.link/lessons/,אין,יעד 301 הוא עמוד שהוגש בסבב 1,ברור,הטרקר מגדיר פעולה אחת: אימות יעד 301 בלי עריכת תוכן. החי מפנה לעמוד שהוגש בסבב 1.
R2-019,טיפול בדיג'רידו / נשימה,/services/didgeridoo-treatment-breath/,/services/didgeridoo-treatment-breath/,legacy/301,301,200,/treatment/,http://eyalamit-co-il-2026.s887.upress.link/treatment/,אין,יעד 301 הוא עמוד שהוגש בסבב 1,ברור,הטרקר מגדיר פעולה אחת: אימות יעד 301 בלי עריכת תוכן. החי מפנה לעמוד שהוגש בסבב 1.
R2-020,כלים בעבודת יד ואביזרים,/services/handmade-instruments/,/services/handmade-instruments/,legacy/301,301,200,/tools-and-accessories/instruments/,http://eyalamit-co-il-2026.s887.upress.link/tools-and-accessories/instruments/,אין,,נימרוד,"ה-301 חי, אך היעד אינו עמוד שהוגש בסבב 1 — צריך הכרעה אם זה מספיק."
R2-021,הופעות / מורשת מופע,/shows-heritage/,/shows-heritage/,עמוד,200,200,/shows-heritage/,http://eyalamit-co-il-2026.s887.upress.link/shows-heritage/,אין,,הקפאה,אין תיקייה ב-content 13.8.26 ואין קובץ סקירה. בלי מקור לא מדביקים.
R2-022,תקנון,/terms/,/terms/,עמוד,200,200,/terms/,http://eyalamit-co-il-2026.s887.upress.link/terms/,אין,,הקפאה,אין תיקייה ב-content 13.8.26 ואין קובץ סקירה. בלי מקור לא מדביקים.
R2-023,תודה,/thank-you/,/thank-you/,עמוד,200,200,/thank-you/,http://eyalamit-co-il-2026.s887.upress.link/thank-you/,אין,,הקפאה,אין תיקייה ב-content 13.8.26 ואין קובץ סקירה. בלי מקור לא מדביקים.
R2-024,כלים ואביזרים,/tools-and-accessories/,/tools-and-accessories/,עמוד,200,200,/tools-and-accessories/,http://eyalamit-co-il-2026.s887.upress.link/tools-and-accessories/,אין,כפילות אפשרית מול חנות / כלים / תיקון בסבב 1,נימרוד,אין חבילת סבב 2; חפיפה אפשרית לחנות/תיקון שכבר הוגשו.
R2-025,כלים בעבודת יד ואביזרים,/tools-and-accessories/instruments/,/tools-and-accessories/instruments/,עמוד,200,200,/tools-and-accessories/instruments/,http://eyalamit-co-il-2026.s887.upress.link/tools-and-accessories/instruments/,אין,כפילות אפשרית מול חנות / כלים / תיקון בסבב 1,נימרוד,אין חבילת סבב 2; חפיפה אפשרית לחנות/תיקון שכבר הוגשו.
R2-026,תיקון וחידוש כלים,/tools-and-accessories/repair/,/tools-and-accessories/repair/,עמוד,200,200,/tools-and-accessories/repair/,http://eyalamit-co-il-2026.s887.upress.link/tools-and-accessories/repair/,אין,כפילות אפשרית מול חנות / כלים / תיקון בסבב 1,נימרוד,אין חבילת סבב 2; חפיפה אפשרית לחנות/תיקון שכבר הוגשו.
R2-027,"מופע ""ספיישל ברצלונה""! 29.12.16 תיאטרון הידית פרדס חנה / אייל עמית – תופעת יחיד – מופע סיפורים – spoken stories",/%d7%90%d7%99%d7%99%d7%9c-%d7%a2%d7%9e%d7%99%d7%aa-%d7%aa%d7%95%d7%a4%d7%a2%d7%aa-%d7%99%d7%97%d7%99%d7%93-%d7%9e%d7%95%d7%a4%d7%a2-%d7%a1%d7%99%d7%a4%d7%95%d7%a8%d7%99%d7%9d-spoken-stories-15/,/אייל-עמית-תופעת-יחיד-מופע-סיפורים-spoken-stories-15/,פוסט,200,200,/%d7%90%d7%99%d7%99%d7%9c-%d7%a2%d7%9e%d7%99%d7%aa-%d7%aa%d7%95%d7%a4%d7%a2%d7%aa-%d7%99%d7%97%d7%99%d7%93-%d7%9e%d7%95%d7%a4%d7%a2-%d7%a1%d7%99%d7%a4%d7%95%d7%a8%d7%99%d7%9d-spoken-stories-15/,http://eyalamit-co-il-2026.s887.upress.link/%d7%90%d7%99%d7%99%d7%9c-%d7%a2%d7%9e%d7%99%d7%aa-%d7%aa%d7%95%d7%a4%d7%a2%d7%aa-%d7%99%d7%97%d7%99%d7%93-%d7%9e%d7%95%d7%a4%d7%a2-%d7%a1%d7%99%d7%a4%d7%95%d7%a8%d7%99%d7%9d-spoken-stories-15/,אין,ארכיון הבלוג מוקפא בסבב 1; הפוסטים עצמם סבב 2,הקפאה,אין חבילה ואין סקירה. החי נשאר ארכיון עד הכרעה. לא 54 שאלות לאייל.
R2-028,את הספר החדש שלי לא תמצאו ברשתות הספרים. למה?,/%d7%90%d7%aa-%d7%94%d7%a1%d7%a4%d7%a8-%d7%94%d7%97%d7%93%d7%a9-%d7%a9%d7%9c%d7%99-%d7%9c%d7%90-%d7%aa%d7%9e%d7%a6%d7%90%d7%95-%d7%91%d7%a8%d7%a9%d7%aa%d7%95%d7%aa-%d7%94%d7%a1%d7%a4%d7%a8%d7%99%d7%9d/,/את-הספר-החדש-שלי-לא-תמצאו-ברשתות-הספרים/,פוסט,200,200,/%d7%90%d7%aa-%d7%94%d7%a1%d7%a4%d7%a8-%d7%94%d7%97%d7%93%d7%a9-%d7%a9%d7%9c%d7%99-%d7%9c%d7%90-%d7%aa%d7%9e%d7%a6%d7%90%d7%95-%d7%91%d7%a8%d7%a9%d7%aa%d7%95%d7%aa-%d7%94%d7%a1%d7%a4%d7%a8%d7%99%d7%9d/,http://eyalamit-co-il-2026.s887.upress.link/%d7%90%d7%aa-%d7%94%d7%a1%d7%a4%d7%a8-%d7%94%d7%97%d7%93%d7%a9-%d7%a9%d7%9c%d7%99-%d7%9c%d7%90-%d7%aa%d7%9e%d7%a6%d7%90%d7%95-%d7%91%d7%a8%d7%a9%d7%aa%d7%95%d7%aa-%d7%94%d7%a1%d7%a4%d7%a8%d7%99%d7%9d/,אין,ארכיון הבלוג מוקפא בסבב 1; הפוסטים עצמם סבב 2,הקפאה,אין חבילה ואין סקירה. החי נשאר ארכיון עד הכרעה. לא 54 שאלות לאייל.
R2-029,ביקורות גולשים אודות: עכשיו!!!!! – מופע הסיפורים של אייל עמית – תופעת יחיד,/%d7%91%d7%99%d7%a7%d7%95%d7%a8%d7%95%d7%aa-%d7%92%d7%95%d7%9c%d7%a9%d7%99%d7%9d-%d7%90%d7%95%d7%93%d7%95%d7%aa-%d7%a2%d7%9b%d7%a9%d7%99%d7%95-%d7%9e%d7%95%d7%a4%d7%a2-%d7%94%d7%a1%d7%99%d7%a4/,/ביקורות-גולשים-אודות-עכשיו-מופע-הסיפ/,פוסט,200,200,/%d7%91%d7%99%d7%a7%d7%95%d7%a8%d7%95%d7%aa-%d7%92%d7%95%d7%9c%d7%a9%d7%99%d7%9d-%d7%90%d7%95%d7%93%d7%95%d7%aa-%d7%a2%d7%9b%d7%a9%d7%99%d7%95-%d7%9e%d7%95%d7%a4%d7%a2-%d7%94%d7%a1%d7%99%d7%a4/,http://eyalamit-co-il-2026.s887.upress.link/%d7%91%d7%99%d7%a7%d7%95%d7%a8%d7%95%d7%aa-%d7%92%d7%95%d7%9c%d7%a9%d7%99%d7%9d-%d7%90%d7%95%d7%93%d7%95%d7%aa-%d7%a2%d7%9b%d7%a9%d7%99%d7%95-%d7%9e%d7%95%d7%a4%d7%a2-%d7%94%d7%a1%d7%99%d7%a4/,אין,ארכיון הבלוג מוקפא בסבב 1; הפוסטים עצמם סבב 2,הקפאה,אין חבילה ואין סקירה. החי נשאר ארכיון עד הכרעה. לא 54 שאלות לאייל.
R2-030,נשימה מעגלית – סטודיו דיג'רידו לנגינה ובנייה בפרדס חנה – אייל עמית. פוסט מ 2012,/%d7%93%d7%99%d7%92%d7%a8%d7%99%d7%93%d7%95-%d7%a4%d7%a8%d7%93%d7%a1-%d7%97%d7%a0%d7%94-%d7%a1%d7%98%d7%95%d7%93%d7%99%d7%95-%d7%9c%d7%91%d7%a0%d7%99%d7%99%d7%94-%d7%95%d7%a0%d7%92%d7%99%d7%a0/,/דיגרידו-פרדס-חנה-סטודיו-לבנייה-ונגינ/,פוסט,200,200,/%d7%93%d7%99%d7%92%d7%a8%d7%99%d7%93%d7%95-%d7%a4%d7%a8%d7%93%d7%a1-%d7%97%d7%a0%d7%94-%d7%a1%d7%98%d7%95%d7%93%d7%99%d7%95-%d7%9c%d7%91%d7%a0%d7%99%d7%99%d7%94-%d7%95%d7%a0%d7%92%d7%99%d7%a0/,http://eyalamit-co-il-2026.s887.upress.link/%d7%93%d7%99%d7%92%d7%a8%d7%99%d7%93%d7%95-%d7%a4%d7%a8%d7%93%d7%a1-%d7%97%d7%a0%d7%94-%d7%a1%d7%98%d7%95%d7%93%d7%99%d7%95-%d7%9c%d7%91%d7%a0%d7%99%d7%99%d7%94-%d7%95%d7%a0%d7%92%d7%99%d7%a0/,אין,ארכיון הבלוג מוקפא בסבב 1; הפוסטים עצמם סבב 2,הקפאה,אין חבילה ואין סקירה. החי נשאר ארכיון עד הכרעה. לא 54 שאלות לאייל.
R2-031,"דף פייסבוק חדש למופע + הזמנה לשני המופעים הקרובים בת""א ובפרדס חנה",/%d7%93%d7%a3-%d7%a4%d7%99%d7%99%d7%a1%d7%91%d7%95%d7%a7-%d7%97%d7%93%d7%a9-%d7%9c%d7%9e%d7%95%d7%a4%d7%a2-%d7%94%d7%96%d7%9e%d7%a0%d7%94-%d7%9c%d7%a9%d7%a0%d7%99-%d7%94%d7%9e%d7%95%d7%a4%d7%a2%d7%99/,/דף-פייסבוק-חדש-למופע-הזמנה-לשני-המופעי/,פוסט,200,200,/%d7%93%d7%a3-%d7%a4%d7%99%d7%99%d7%a1%d7%91%d7%95%d7%a7-%d7%97%d7%93%d7%a9-%d7%9c%d7%9e%d7%95%d7%a4%d7%a2-%d7%94%d7%96%d7%9e%d7%a0%d7%94-%d7%9c%d7%a9%d7%a0%d7%99-%d7%94%d7%9e%d7%95%d7%a4%d7%a2%d7%99/,http://eyalamit-co-il-2026.s887.upress.link/%d7%93%d7%a3-%d7%a4%d7%99%d7%99%d7%a1%d7%91%d7%95%d7%a7-%d7%97%d7%93%d7%a9-%d7%9c%d7%9e%d7%95%d7%a4%d7%a2-%d7%94%d7%96%d7%9e%d7%a0%d7%94-%d7%9c%d7%a9%d7%a0%d7%99-%d7%94%d7%9e%d7%95%d7%a4%d7%a2%d7%99/,אין,ארכיון הבלוג מוקפא בסבב 1; הפוסטים עצמם סבב 2,הקפאה,אין חבילה ואין סקירה. החי נשאר ארכיון עד הכרעה. לא 54 שאלות לאייל.
R2-032,"הזמנה להשקת הספר החדש – ""וכתבתָ"" / אייל עמית 15.6.17 בפרדס חנה",/%d7%94%d7%96%d7%9e%d7%a0%d7%94-%d7%9c%d7%94%d7%a9%d7%a7%d7%aa-%d7%94%d7%a1%d7%a4%d7%a8-%d7%94%d7%97%d7%93%d7%a9-%d7%95%d7%9b%d7%aa%d7%91%d7%aa%d6%b8-%d7%90%d7%99%d7%99%d7%9c-%d7%a2%d7%9e/,/הזמנה-להשקת-הספר-החדש-וכתבתָ-אייל-עמ/,פוסט,200,200,/%d7%94%d7%96%d7%9e%d7%a0%d7%94-%d7%9c%d7%94%d7%a9%d7%a7%d7%aa-%d7%94%d7%a1%d7%a4%d7%a8-%d7%94%d7%97%d7%93%d7%a9-%d7%95%d7%9b%d7%aa%d7%91%d7%aa%d6%b8-%d7%90%d7%99%d7%99%d7%9c-%d7%a2%d7%9e/,http://eyalamit-co-il-2026.s887.upress.link/%d7%94%d7%96%d7%9e%d7%a0%d7%94-%d7%9c%d7%94%d7%a9%d7%a7%d7%aa-%d7%94%d7%a1%d7%a4%d7%a8-%d7%94%d7%97%d7%93%d7%a9-%d7%95%d7%9b%d7%aa%d7%91%d7%aa%d6%b8-%d7%90%d7%99%d7%99%d7%9c-%d7%a2%d7%9e/,אין,ארכיון הבלוג מוקפא בסבב 1; הפוסטים עצמם סבב 2,הקפאה,אין חבילה ואין סקירה. החי נשאר ארכיון עד הכרעה. לא 54 שאלות לאייל.
R2-033,אקדח לתוך הראש,/%d7%94%d7%98%d7%95%d7%a8-%d7%a9%d7%9c-%d7%90%d7%99%d7%99%d7%9c-%d7%a2%d7%9e%d7%99%d7%aa-%d7%90%d7%99%d7%9a-%d7%94%d7%aa%d7%97%d7%9c%d7%aa%d7%99-%d7%9c%d7%9b%d7%aa%d7%95%d7%91-%d7%95%d7%9c%d7%a1%d7%a4/,/הטור-של-אייל-עמית-איך-התחלתי-לכתוב-ולספ/,פוסט,200,200,/%d7%94%d7%98%d7%95%d7%a8-%d7%a9%d7%9c-%d7%90%d7%99%d7%99%d7%9c-%d7%a2%d7%9e%d7%99%d7%aa-%d7%90%d7%99%d7%9a-%d7%94%d7%aa%d7%97%d7%9c%d7%aa%d7%99-%d7%9c%d7%9b%d7%aa%d7%95%d7%91-%d7%95%d7%9c%d7%a1%d7%a4/,http://eyalamit-co-il-2026.s887.upress.link/%d7%94%d7%98%d7%95%d7%a8-%d7%a9%d7%9c-%d7%90%d7%99%d7%99%d7%9c-%d7%a2%d7%9e%d7%99%d7%aa-%d7%90%d7%99%d7%9a-%d7%94%d7%aa%d7%97%d7%9c%d7%aa%d7%99-%d7%9c%d7%9b%d7%aa%d7%95%d7%91-%d7%95%d7%9c%d7%a1%d7%a4/,אין,ארכיון הבלוג מוקפא בסבב 1; הפוסטים עצמם סבב 2,הקפאה,אין חבילה ואין סקירה. החי נשאר ארכיון עד הכרעה. לא 54 שאלות לאייל.
R2-034,הספר החדש שלי יוצא לאור!!!! אשמח לתמיכתכם ב-הדסטארט!,/%d7%94%d7%98%d7%95%d7%a8-%d7%a9%d7%9c-%d7%90%d7%99%d7%99%d7%9c-%d7%a2%d7%9e%d7%99%d7%aa-%d7%94%d7%a1%d7%a4%d7%a8-%d7%94%d7%97%d7%93%d7%a9-%d7%a9%d7%9c%d7%99-%d7%96%d7%a7%d7%95%d7%a7-%d7%9c/,/הטור-של-אייל-עמית-הספר-החדש-שלי-זקוק-ל/,פוסט,200,200,/%d7%94%d7%98%d7%95%d7%a8-%d7%a9%d7%9c-%d7%90%d7%99%d7%99%d7%9c-%d7%a2%d7%9e%d7%99%d7%aa-%d7%94%d7%a1%d7%a4%d7%a8-%d7%94%d7%97%d7%93%d7%a9-%d7%a9%d7%9c%d7%99-%d7%96%d7%a7%d7%95%d7%a7-%d7%9c/,http://eyalamit-co-il-2026.s887.upress.link/%d7%94%d7%98%d7%95%d7%a8-%d7%a9%d7%9c-%d7%90%d7%99%d7%99%d7%9c-%d7%a2%d7%9e%d7%99%d7%aa-%d7%94%d7%a1%d7%a4%d7%a8-%d7%94%d7%97%d7%93%d7%a9-%d7%a9%d7%9c%d7%99-%d7%96%d7%a7%d7%95%d7%a7-%d7%9c/,אין,ארכיון הבלוג מוקפא בסבב 1; הפוסטים עצמם סבב 2,הקפאה,אין חבילה ואין סקירה. החי נשאר ארכיון עד הכרעה. לא 54 שאלות לאייל.
R2-035,(24) הטור של אייל עמית: ילד אסור ילד מותר,/%d7%94%d7%98%d7%95%d7%a8-%d7%a9%d7%9c-%d7%90%d7%99%d7%99%d7%9c-%d7%a2%d7%9e%d7%99%d7%aa-24-%d7%99%d7%9c%d7%93-%d7%90%d7%a1%d7%95%d7%a8-%d7%99%d7%9c%d7%93-%d7%9e%d7%95%d7%aa%d7%a8/,/הטור-של-אייל-עמית-24-ילד-אסור-ילד-מותר/,פוסט,200,200,/%d7%94%d7%98%d7%95%d7%a8-%d7%a9%d7%9c-%d7%90%d7%99%d7%99%d7%9c-%d7%a2%d7%9e%d7%99%d7%aa-24-%d7%99%d7%9c%d7%93-%d7%90%d7%a1%d7%95%d7%a8-%d7%99%d7%9c%d7%93-%d7%9e%d7%95%d7%aa%d7%a8/,http://eyalamit-co-il-2026.s887.upress.link/%d7%94%d7%98%d7%95%d7%a8-%d7%a9%d7%9c-%d7%90%d7%99%d7%99%d7%9c-%d7%a2%d7%9e%d7%99%d7%aa-24-%d7%99%d7%9c%d7%93-%d7%90%d7%a1%d7%95%d7%a8-%d7%99%d7%9c%d7%93-%d7%9e%d7%95%d7%aa%d7%a8/,אין,ארכיון הבלוג מוקפא בסבב 1; הפוסטים עצמם סבב 2,הקפאה,אין חבילה ואין סקירה. החי נשאר ארכיון עד הכרעה. לא 54 שאלות לאייל.
R2-036,וסיפרתָּ – מופע פרידה!!! 14.10.17 מועדון היוניקורן פרדס חנה | מופע הספוקן סטוריז של אייל עמית,/%d7%95%d7%a1%d7%99%d7%a4%d7%a8%d7%aa%d6%b8%d6%bc-%d7%9e%d7%95%d7%a4%d7%a2-%d7%94%d7%a1%d7%a4%d7%95%d7%a7%d7%9f-%d7%a1%d7%98%d7%95%d7%a8%d7%99%d7%96-%d7%a9%d7%9c-%d7%90%d7%99%d7%99%d7%9c-%d7%a2%d7%9e/,/וסיפרתָּ-מופע-הספוקן-סטוריז-של-אייל-עמ/,פוסט,200,200,/%d7%95%d7%a1%d7%99%d7%a4%d7%a8%d7%aa%d6%b8%d6%bc-%d7%9e%d7%95%d7%a4%d7%a2-%d7%94%d7%a1%d7%a4%d7%95%d7%a7%d7%9f-%d7%a1%d7%98%d7%95%d7%a8%d7%99%d7%96-%d7%a9%d7%9c-%d7%90%d7%99%d7%99%d7%9c-%d7%a2%d7%9e/,http://eyalamit-co-il-2026.s887.upress.link/%d7%95%d7%a1%d7%99%d7%a4%d7%a8%d7%aa%d6%b8%d6%bc-%d7%9e%d7%95%d7%a4%d7%a2-%d7%94%d7%a1%d7%a4%d7%95%d7%a7%d7%9f-%d7%a1%d7%98%d7%95%d7%a8%d7%99%d7%96-%d7%a9%d7%9c-%d7%90%d7%99%d7%99%d7%9c-%d7%a2%d7%9e/,אין,ארכיון הבלוג מוקפא בסבב 1; הפוסטים עצמם סבב 2,הקפאה,אין חבילה ואין סקירה. החי נשאר ארכיון עד הכרעה. לא 54 שאלות לאייל.
R2-037,טיפול בנשימה באמצעות דיג'רידו – ללמוד לנשום נכון ביומיום וגם בלילה,/%d7%98%d7%99%d7%a4%d7%95%d7%9c-%d7%91%d7%a0%d7%a9%d7%99%d7%9e%d7%94-%d7%91%d7%90%d7%9e%d7%a6%d7%a2%d7%95%d7%aa-%d7%93%d7%99%d7%92%d7%a8%d7%99%d7%93%d7%95-%d7%9c%d7%9c%d7%9e%d7%95%d7%93-%d7%9c/,/טיפול-בנשימה-באמצעות-דיגרידו-ללמוד-ל/,פוסט,200,200,/%d7%98%d7%99%d7%a4%d7%95%d7%9c-%d7%91%d7%a0%d7%a9%d7%99%d7%9e%d7%94-%d7%91%d7%90%d7%9e%d7%a6%d7%a2%d7%95%d7%aa-%d7%93%d7%99%d7%92%d7%a8%d7%99%d7%93%d7%95-%d7%9c%d7%9c%d7%9e%d7%95%d7%93-%d7%9c/,http://eyalamit-co-il-2026.s887.upress.link/%d7%98%d7%99%d7%a4%d7%95%d7%9c-%d7%91%d7%a0%d7%a9%d7%99%d7%9e%d7%94-%d7%91%d7%90%d7%9e%d7%a6%d7%a2%d7%95%d7%aa-%d7%93%d7%99%d7%92%d7%a8%d7%99%d7%93%d7%95-%d7%9c%d7%9c%d7%9e%d7%95%d7%93-%d7%9c/,אין,ארכיון הבלוג מוקפא בסבב 1; הפוסטים עצמם סבב 2,הקפאה,אין חבילה ואין סקירה. החי נשאר ארכיון עד הכרעה. לא 54 שאלות לאייל.
R2-038,טיפול בפוסט טראומה לחייל משוחרר מגולני באמצעות נשימה בדיג'רידו – המרכז לטיפול בדיג'רידו / אייל עמית,/%d7%98%d7%99%d7%a4%d7%95%d7%9c-%d7%91%d7%a4%d7%95%d7%a1%d7%98-%d7%98%d7%a8%d7%90%d7%95%d7%9e%d7%94-%d7%9c%d7%97%d7%99%d7%99%d7%9c-%d7%9e%d7%a9%d7%95%d7%97%d7%a8%d7%a8-%d7%9e%d7%92%d7%95%d7%9c%d7%a0/,/טיפול-בפוסט-טראומה-לחייל-משוחרר-מגולנ/,פוסט,200,200,/%d7%98%d7%99%d7%a4%d7%95%d7%9c-%d7%91%d7%a4%d7%95%d7%a1%d7%98-%d7%98%d7%a8%d7%90%d7%95%d7%9e%d7%94-%d7%9c%d7%97%d7%99%d7%99%d7%9c-%d7%9e%d7%a9%d7%95%d7%97%d7%a8%d7%a8-%d7%9e%d7%92%d7%95%d7%9c%d7%a0/,http://eyalamit-co-il-2026.s887.upress.link/%d7%98%d7%99%d7%a4%d7%95%d7%9c-%d7%91%d7%a4%d7%95%d7%a1%d7%98-%d7%98%d7%a8%d7%90%d7%95%d7%9e%d7%94-%d7%9c%d7%97%d7%99%d7%99%d7%9c-%d7%9e%d7%a9%d7%95%d7%97%d7%a8%d7%a8-%d7%9e%d7%92%d7%95%d7%9c%d7%a0/,אין,ארכיון הבלוג מוקפא בסבב 1; הפוסטים עצמם סבב 2,הקפאה,אין חבילה ואין סקירה. החי נשאר ארכיון עד הכרעה. לא 54 שאלות לאייל.
R2-039,שליחות חיי – כתבה אודות המרכז לטיפול בדיג'רידו פרדס חנה – אייל עמית,/%d7%9b%d7%aa%d7%91%d7%94-%d7%90%d7%95%d7%93%d7%95%d7%aa-%d7%90%d7%99%d7%99%d7%9c-%d7%a2%d7%9e%d7%99%d7%aa-%d7%9e%d7%95%d7%a8%d7%94-%d7%95%d7%9e%d7%98%d7%a4%d7%9c-%d7%91%d7%93%d7%99%d7%92%d7%a8%d7%99/,/כתבה-אודות-אייל-עמית-מורה-ומטפל-בדיגרי/,פוסט,200,200,/%d7%9b%d7%aa%d7%91%d7%94-%d7%90%d7%95%d7%93%d7%95%d7%aa-%d7%90%d7%99%d7%99%d7%9c-%d7%a2%d7%9e%d7%99%d7%aa-%d7%9e%d7%95%d7%a8%d7%94-%d7%95%d7%9e%d7%98%d7%a4%d7%9c-%d7%91%d7%93%d7%99%d7%92%d7%a8%d7%99/,http://eyalamit-co-il-2026.s887.upress.link/%d7%9b%d7%aa%d7%91%d7%94-%d7%90%d7%95%d7%93%d7%95%d7%aa-%d7%90%d7%99%d7%99%d7%9c-%d7%a2%d7%9e%d7%99%d7%aa-%d7%9e%d7%95%d7%a8%d7%94-%d7%95%d7%9e%d7%98%d7%a4%d7%9c-%d7%91%d7%93%d7%99%d7%92%d7%a8%d7%99/,אין,ארכיון הבלוג מוקפא בסבב 1; הפוסטים עצמם סבב 2,הקפאה,אין חבילה ואין סקירה. החי נשאר ארכיון עד הכרעה. לא 54 שאלות לאייל.
R2-040,"כתבה על ""תופעת יחיד"" ב- המקומון גבעתיים רמת גן, 22.10.15, מני פרסול",/%d7%9b%d7%aa%d7%91%d7%94-%d7%a2%d7%9c-%d7%aa%d7%95%d7%a4%d7%a2%d7%aa-%d7%99%d7%97%d7%99%d7%93-%d7%91-%d7%94%d7%9e%d7%a7%d7%95%d7%9e%d7%95%d7%9f-%d7%92%d7%91%d7%a2%d7%aa%d7%99%d7%99%d7%9d-%d7%a8/,/כתבה-על-תופעת-יחיד-ב-המקומון-גבעתיים-ר/,פוסט,200,200,/%d7%9b%d7%aa%d7%91%d7%94-%d7%a2%d7%9c-%d7%aa%d7%95%d7%a4%d7%a2%d7%aa-%d7%99%d7%97%d7%99%d7%93-%d7%91-%d7%94%d7%9e%d7%a7%d7%95%d7%9e%d7%95%d7%9f-%d7%92%d7%91%d7%a2%d7%aa%d7%99%d7%99%d7%9d-%d7%a8/,http://eyalamit-co-il-2026.s887.upress.link/%d7%9b%d7%aa%d7%91%d7%94-%d7%a2%d7%9c-%d7%aa%d7%95%d7%a4%d7%a2%d7%aa-%d7%99%d7%97%d7%99%d7%93-%d7%91-%d7%94%d7%9e%d7%a7%d7%95%d7%9e%d7%95%d7%9f-%d7%92%d7%91%d7%a2%d7%aa%d7%99%d7%99%d7%9d-%d7%a8/,אין,ארכיון הבלוג מוקפא בסבב 1; הפוסטים עצמם סבב 2,הקפאה,אין חבילה ואין סקירה. החי נשאר ארכיון עד הכרעה. לא 54 שאלות לאייל.
R2-041,"שם חדש למופע הסיפורים: ""עכשיו!!!!!""  קבלו את שלושת הקליפים הרישמיים עם ה-""עכשווים"" שלכם!",/%d7%9c%d7%90-%d7%91%d7%a2%d7%95%d7%93-%d7%a8%d7%92%d7%a2-%d7%9c%d7%90-%d7%91%d7%a2%d7%95%d7%93-%d7%a9%d7%a0%d7%99%d7%99%d7%94-%d7%a2-%d7%9b-%d7%a9-%d7%99-%d7%95/,/לא-בעוד-רגע-לא-בעוד-שנייה-ע-כ-ש-י-ו/,פוסט,200,200,/%d7%9c%d7%90-%d7%91%d7%a2%d7%95%d7%93-%d7%a8%d7%92%d7%a2-%d7%9c%d7%90-%d7%91%d7%a2%d7%95%d7%93-%d7%a9%d7%a0%d7%99%d7%99%d7%94-%d7%a2-%d7%9b-%d7%a9-%d7%99-%d7%95/,http://eyalamit-co-il-2026.s887.upress.link/%d7%9c%d7%90-%d7%91%d7%a2%d7%95%d7%93-%d7%a8%d7%92%d7%a2-%d7%9c%d7%90-%d7%91%d7%a2%d7%95%d7%93-%d7%a9%d7%a0%d7%99%d7%99%d7%94-%d7%a2-%d7%9b-%d7%a9-%d7%99-%d7%95/,אין,ארכיון הבלוג מוקפא בסבב 1; הפוסטים עצמם סבב 2,הקפאה,אין חבילה ואין סקירה. החי נשאר ארכיון עד הכרעה. לא 54 שאלות לאייל.
R2-042,מופע הסיפורים של אייל עמית / כתבה מאת רואי פרסול – מעריב תרבות 21.7.15,/%d7%9e%d7%95%d7%a4%d7%a2-%d7%94%d7%a1%d7%99%d7%a4%d7%95%d7%a8%d7%99%d7%9d-%d7%a9%d7%9c-%d7%90%d7%99%d7%99%d7%9c-%d7%a2%d7%9e%d7%99%d7%aa-%d7%9b%d7%aa%d7%91%d7%94-%d7%9e%d7%90%d7%aa-%d7%a8%d7%95/,/מופע-הסיפורים-של-אייל-עמית-כתבה-מאת-רו/,פוסט,200,200,/%d7%9e%d7%95%d7%a4%d7%a2-%d7%94%d7%a1%d7%99%d7%a4%d7%95%d7%a8%d7%99%d7%9d-%d7%a9%d7%9c-%d7%90%d7%99%d7%99%d7%9c-%d7%a2%d7%9e%d7%99%d7%aa-%d7%9b%d7%aa%d7%91%d7%94-%d7%9e%d7%90%d7%aa-%d7%a8%d7%95/,http://eyalamit-co-il-2026.s887.upress.link/%d7%9e%d7%95%d7%a4%d7%a2-%d7%94%d7%a1%d7%99%d7%a4%d7%95%d7%a8%d7%99%d7%9d-%d7%a9%d7%9c-%d7%90%d7%99%d7%99%d7%9c-%d7%a2%d7%9e%d7%99%d7%aa-%d7%9b%d7%aa%d7%91%d7%94-%d7%9e%d7%90%d7%aa-%d7%a8%d7%95/,אין,ארכיון הבלוג מוקפא בסבב 1; הפוסטים עצמם סבב 2,הקפאה,אין חבילה ואין סקירה. החי נשאר ארכיון עד הכרעה. לא 54 שאלות לאייל.
R2-043,מופע הסיפורים של אייל עמית מגיע לתיאטרון הקאמרי!,/%d7%9e%d7%95%d7%a4%d7%a2-%d7%94%d7%a1%d7%99%d7%a4%d7%95%d7%a8%d7%99%d7%9d-%d7%a9%d7%9c-%d7%90%d7%99%d7%99%d7%9c-%d7%a2%d7%9e%d7%99%d7%aa-%d7%a9%d7%99%d7%a9%d7%99-23-10-15-%d7%91%d7%aa%d7%99%d7%90/,/מופע-הסיפורים-של-אייל-עמית-שישי-23-10-15-בתיא/,פוסט,200,200,/%d7%9e%d7%95%d7%a4%d7%a2-%d7%94%d7%a1%d7%99%d7%a4%d7%95%d7%a8%d7%99%d7%9d-%d7%a9%d7%9c-%d7%90%d7%99%d7%99%d7%9c-%d7%a2%d7%9e%d7%99%d7%aa-%d7%a9%d7%99%d7%a9%d7%99-23-10-15-%d7%91%d7%aa%d7%99%d7%90/,http://eyalamit-co-il-2026.s887.upress.link/%d7%9e%d7%95%d7%a4%d7%a2-%d7%94%d7%a1%d7%99%d7%a4%d7%95%d7%a8%d7%99%d7%9d-%d7%a9%d7%9c-%d7%90%d7%99%d7%99%d7%9c-%d7%a2%d7%9e%d7%99%d7%aa-%d7%a9%d7%99%d7%a9%d7%99-23-10-15-%d7%91%d7%aa%d7%99%d7%90/,אין,ארכיון הבלוג מוקפא בסבב 1; הפוסטים עצמם סבב 2,הקפאה,אין חבילה ואין סקירה. החי נשאר ארכיון עד הכרעה. לא 54 שאלות לאייל.
R2-044,מוקש דהימן – מאסטר דיג'רידו – ציור מקורי חדש במרכז לטיפול בדיג'רידו (שמן על קנבס),/%d7%9e%d7%95%d7%a7%d7%a9-%d7%93%d7%94%d7%99%d7%9e%d7%9f-%d7%9e%d7%90%d7%a1%d7%98%d7%a8-%d7%93%d7%99%d7%92%d7%a8%d7%99%d7%93%d7%95-%d7%a6%d7%99%d7%95%d7%a8-%d7%9e%d7%a7%d7%95%d7%a8%d7%99-%d7%97/,/מוקש-דהימן-מאסטר-דיגרידו-ציור-מקורי-ח/,פוסט,200,200,/%d7%9e%d7%95%d7%a7%d7%a9-%d7%93%d7%94%d7%99%d7%9e%d7%9f-%d7%9e%d7%90%d7%a1%d7%98%d7%a8-%d7%93%d7%99%d7%92%d7%a8%d7%99%d7%93%d7%95-%d7%a6%d7%99%d7%95%d7%a8-%d7%9e%d7%a7%d7%95%d7%a8%d7%99-%d7%97/,http://eyalamit-co-il-2026.s887.upress.link/%d7%9e%d7%95%d7%a7%d7%a9-%d7%93%d7%94%d7%99%d7%9e%d7%9f-%d7%9e%d7%90%d7%a1%d7%98%d7%a8-%d7%93%d7%99%d7%92%d7%a8%d7%99%d7%93%d7%95-%d7%a6%d7%99%d7%95%d7%a8-%d7%9e%d7%a7%d7%95%d7%a8%d7%99-%d7%97/,אין,ארכיון הבלוג מוקפא בסבב 1; הפוסטים עצמם סבב 2,הקפאה,אין חבילה ואין סקירה. החי נשאר ארכיון עד הכרעה. לא 54 שאלות לאייל.
R2-045,"פוסט תודה למורי, לתלמידי, למטופלי, ויותר מכל לתסריטאי המופרע שיושב לו שם למעלה",/%d7%9e%d7%95%d7%a8%d7%94-%d7%9c%d7%93%d7%99%d7%92%d7%a8%d7%99%d7%93%d7%95-%d7%9e%d7%95%d7%93%d7%94-%d7%9c%d7%9e%d7%95%d7%a8%d7%99%d7%95-%d7%aa%d7%9c%d7%9e%d7%99%d7%93%d7%99%d7%95-%d7%95%d7%9e%d7%98/,/מורה-לדיגרידו-מודה-למוריו-תלמידיו-ומט/,פוסט,200,200,/%d7%9e%d7%95%d7%a8%d7%94-%d7%9c%d7%93%d7%99%d7%92%d7%a8%d7%99%d7%93%d7%95-%d7%9e%d7%95%d7%93%d7%94-%d7%9c%d7%9e%d7%95%d7%a8%d7%99%d7%95-%d7%aa%d7%9c%d7%9e%d7%99%d7%93%d7%99%d7%95-%d7%95%d7%9e%d7%98/,http://eyalamit-co-il-2026.s887.upress.link/%d7%9e%d7%95%d7%a8%d7%94-%d7%9c%d7%93%d7%99%d7%92%d7%a8%d7%99%d7%93%d7%95-%d7%9e%d7%95%d7%93%d7%94-%d7%9c%d7%9e%d7%95%d7%a8%d7%99%d7%95-%d7%aa%d7%9c%d7%9e%d7%99%d7%93%d7%99%d7%95-%d7%95%d7%9e%d7%98/,אין,ארכיון הבלוג מוקפא בסבב 1; הפוסטים עצמם סבב 2,הקפאה,אין חבילה ואין סקירה. החי נשאר ארכיון עד הכרעה. לא 54 שאלות לאייל.
R2-046,האם לנשים מותר לנגן בדיג'רידו? פוסט מיוחד לסילוק דעות קדומות והחשש מעקרות,/%d7%a0%d7%a9%d7%99%d7%9d-%d7%9e%d7%a0%d7%92%d7%a0%d7%95%d7%aa-%d7%91%d7%93%d7%99%d7%92%d7%a8%d7%99%d7%93%d7%95-%d7%90%d7%99%d7%a9%d7%94-%d7%9e%d7%a0%d7%92%d7%a0%d7%aa-%d7%91%d7%93%d7%99%d7%92/,/נשים-מנגנות-בדיגרידו-אישה-מנגנת-בדיג/,פוסט,200,200,/%d7%a0%d7%a9%d7%99%d7%9d-%d7%9e%d7%a0%d7%92%d7%a0%d7%95%d7%aa-%d7%91%d7%93%d7%99%d7%92%d7%a8%d7%99%d7%93%d7%95-%d7%90%d7%99%d7%a9%d7%94-%d7%9e%d7%a0%d7%92%d7%a0%d7%aa-%d7%91%d7%93%d7%99%d7%92/,http://eyalamit-co-il-2026.s887.upress.link/%d7%a0%d7%a9%d7%99%d7%9d-%d7%9e%d7%a0%d7%92%d7%a0%d7%95%d7%aa-%d7%91%d7%93%d7%99%d7%92%d7%a8%d7%99%d7%93%d7%95-%d7%90%d7%99%d7%a9%d7%94-%d7%9e%d7%a0%d7%92%d7%a0%d7%aa-%d7%91%d7%93%d7%99%d7%92/,אין,ארכיון הבלוג מוקפא בסבב 1; הפוסטים עצמם סבב 2,הקפאה,אין חבילה ואין סקירה. החי נשאר ארכיון עד הכרעה. לא 54 שאלות לאייל.
R2-047,נגינה ונשימה מעגלית בדיג'רידו – ריפוי הנשימה והנשמה,/%d7%a0%d7%a9%d7%99%d7%9e%d7%94-%d7%9e%d7%a2%d7%92%d7%9c%d7%99%d7%aa-%d7%91%d7%93%d7%99%d7%92%d7%a8%d7%99%d7%93%d7%95-%d7%98%d7%99%d7%a4%d7%95%d7%9c-%d7%a8%d7%99%d7%a4%d7%95%d7%99-%d7%a2%d7%a6/,/נשימה-מעגלית-בדיגרידו-טיפול-ריפוי-עצ/,פוסט,200,200,/%d7%a0%d7%a9%d7%99%d7%9e%d7%94-%d7%9e%d7%a2%d7%92%d7%9c%d7%99%d7%aa-%d7%91%d7%93%d7%99%d7%92%d7%a8%d7%99%d7%93%d7%95-%d7%98%d7%99%d7%a4%d7%95%d7%9c-%d7%a8%d7%99%d7%a4%d7%95%d7%99-%d7%a2%d7%a6/,http://eyalamit-co-il-2026.s887.upress.link/%d7%a0%d7%a9%d7%99%d7%9e%d7%94-%d7%9e%d7%a2%d7%92%d7%9c%d7%99%d7%aa-%d7%91%d7%93%d7%99%d7%92%d7%a8%d7%99%d7%93%d7%95-%d7%98%d7%99%d7%a4%d7%95%d7%9c-%d7%a8%d7%99%d7%a4%d7%95%d7%99-%d7%a2%d7%a6/,אין,ארכיון הבלוג מוקפא בסבב 1; הפוסטים עצמם סבב 2,הקפאה,אין חבילה ואין סקירה. החי נשאר ארכיון עד הכרעה. לא 54 שאלות לאייל.
R2-048,סדנת דיג'רידו קבוצתית מקיפה וייחודית לנשימה מעגלית בדיג'רידו (רמת מתחילים),/%d7%a1%d7%93%d7%a0%d7%aa-%d7%93%d7%99%d7%92%d7%a8%d7%99%d7%93%d7%95-%d7%a7%d7%91%d7%95%d7%a6%d7%aa%d7%99%d7%aa-%d7%9e%d7%a7%d7%99%d7%a4%d7%94-%d7%95%d7%99%d7%99%d7%97%d7%95%d7%93%d7%99%d7%aa-%d7%9c/,/סדנת-דיגרידו-קבוצתית-מקיפה-וייחודית-ל/,פוסט,200,200,/%d7%a1%d7%93%d7%a0%d7%aa-%d7%93%d7%99%d7%92%d7%a8%d7%99%d7%93%d7%95-%d7%a7%d7%91%d7%95%d7%a6%d7%aa%d7%99%d7%aa-%d7%9e%d7%a7%d7%99%d7%a4%d7%94-%d7%95%d7%99%d7%99%d7%97%d7%95%d7%93%d7%99%d7%aa-%d7%9c/,http://eyalamit-co-il-2026.s887.upress.link/%d7%a1%d7%93%d7%a0%d7%aa-%d7%93%d7%99%d7%92%d7%a8%d7%99%d7%93%d7%95-%d7%a7%d7%91%d7%95%d7%a6%d7%aa%d7%99%d7%aa-%d7%9e%d7%a7%d7%99%d7%a4%d7%94-%d7%95%d7%99%d7%99%d7%97%d7%95%d7%93%d7%99%d7%aa-%d7%9c/,אין,ארכיון הבלוג מוקפא בסבב 1; הפוסטים עצמם סבב 2,הקפאה,אין חבילה ואין סקירה. החי נשאר ארכיון עד הכרעה. לא 54 שאלות לאייל.
R2-049,"הזמנה לסדרת מפגשים אינטימיים חדשה! ""סיפורים מהנייר"" עם אייל עמית",/%d7%a1%d7%99%d7%a4%d7%95%d7%a8%d7%99%d7%9d-%d7%9e%d7%94%d7%a0%d7%99%d7%99%d7%a8-%d7%a2%d7%9d-%d7%90%d7%99%d7%99%d7%9c-%d7%a2%d7%9e%d7%99%d7%aa/,/סיפורים-מהנייר-עם-אייל-עמית/,פוסט,200,200,/%d7%a1%d7%99%d7%a4%d7%95%d7%a8%d7%99%d7%9d-%d7%9e%d7%94%d7%a0%d7%99%d7%99%d7%a8-%d7%a2%d7%9d-%d7%90%d7%99%d7%99%d7%9c-%d7%a2%d7%9e%d7%99%d7%aa/,http://eyalamit-co-il-2026.s887.upress.link/%d7%a1%d7%99%d7%a4%d7%95%d7%a8%d7%99%d7%9d-%d7%9e%d7%94%d7%a0%d7%99%d7%99%d7%a8-%d7%a2%d7%9d-%d7%90%d7%99%d7%99%d7%9c-%d7%a2%d7%9e%d7%99%d7%aa/,אין,ארכיון הבלוג מוקפא בסבב 1; הפוסטים עצמם סבב 2,הקפאה,אין חבילה ואין סקירה. החי נשאר ארכיון עד הכרעה. לא 54 שאלות לאייל.
R2-050,"סרטים מהחיים – מופע הסיפורים של אייל עמית: שני תאריכים קרובים: 5.4.14 תיאטרון הידית פרדס חנה, 10.4.14 צוותא2 ת""א.",/%d7%a1%d7%a8%d7%98%d7%99%d7%9d-%d7%9e%d7%94%d7%97%d7%99%d7%99%d7%9d-%d7%9e%d7%95%d7%a4%d7%a2-%d7%94%d7%a1%d7%99%d7%a4%d7%95%d7%a8%d7%99%d7%9d-%d7%a9%d7%9c-%d7%90%d7%99%d7%99%d7%9c-%d7%a2%d7%9e%d7%99/,/סרטים-מהחיים-מופע-הסיפורים-של-אייל-עמי/,פוסט,200,200,/%d7%a1%d7%a8%d7%98%d7%99%d7%9d-%d7%9e%d7%94%d7%97%d7%99%d7%99%d7%9d-%d7%9e%d7%95%d7%a4%d7%a2-%d7%94%d7%a1%d7%99%d7%a4%d7%95%d7%a8%d7%99%d7%9d-%d7%a9%d7%9c-%d7%90%d7%99%d7%99%d7%9c-%d7%a2%d7%9e%d7%99/,http://eyalamit-co-il-2026.s887.upress.link/%d7%a1%d7%a8%d7%98%d7%99%d7%9d-%d7%9e%d7%94%d7%97%d7%99%d7%99%d7%9d-%d7%9e%d7%95%d7%a4%d7%a2-%d7%94%d7%a1%d7%99%d7%a4%d7%95%d7%a8%d7%99%d7%9d-%d7%a9%d7%9c-%d7%90%d7%99%d7%99%d7%9c-%d7%a2%d7%9e%d7%99/,אין,ארכיון הבלוג מוקפא בסבב 1; הפוסטים עצמם סבב 2,הקפאה,אין חבילה ואין סקירה. החי נשאר ארכיון עד הכרעה. לא 54 שאלות לאייל.
R2-051,עוד רגע מחייו של מורה לנשימה נכונה ומלווה תהליכי ריפוי באמצעות דיג'רידו,/%d7%a2%d7%95%d7%93-%d7%a8%d7%92%d7%a2-%d7%9e%d7%97%d7%99%d7%99%d7%95-%d7%a9%d7%9c-%d7%9e%d7%95%d7%a8%d7%94-%d7%9c%d7%93%d7%99%d7%92%d7%a8%d7%99%d7%93%d7%95/,/עוד-רגע-מחייו-של-מורה-לדיגרידו/,פוסט,200,200,/%d7%a2%d7%95%d7%93-%d7%a8%d7%92%d7%a2-%d7%9e%d7%97%d7%99%d7%99%d7%95-%d7%a9%d7%9c-%d7%9e%d7%95%d7%a8%d7%94-%d7%9c%d7%93%d7%99%d7%92%d7%a8%d7%99%d7%93%d7%95/,http://eyalamit-co-il-2026.s887.upress.link/%d7%a2%d7%95%d7%93-%d7%a8%d7%92%d7%a2-%d7%9e%d7%97%d7%99%d7%99%d7%95-%d7%a9%d7%9c-%d7%9e%d7%95%d7%a8%d7%94-%d7%9c%d7%93%d7%99%d7%92%d7%a8%d7%99%d7%93%d7%95/,אין,ארכיון הבלוג מוקפא בסבב 1; הפוסטים עצמם סבב 2,הקפאה,אין חבילה ואין סקירה. החי נשאר ארכיון עד הכרעה. לא 54 שאלות לאייל.
R2-052,"""פרדס חפלה"" – הסיפור החדש במופע הקרוב 13.9.14 בפרדס חנה",/%d7%a2%d7%9b%d7%a9%d7%99%d7%95-%d7%94%d7%95%d7%a4%d7%a2%d7%94-%d7%91%d7%9e%d7%95%d7%a6%d7%a9-%d7%94%d7%a7%d7%a8%d7%95%d7%91-13-9-14-%d7%91%d7%a4%d7%a8%d7%93%d7%a1-%d7%97%d7%a0%d7%94/,/עכשיו-הופעה-במוצש-הקרוב-13-9-14-בפרדס-חנה/,פוסט,200,200,/%d7%a2%d7%9b%d7%a9%d7%99%d7%95-%d7%94%d7%95%d7%a4%d7%a2%d7%94-%d7%91%d7%9e%d7%95%d7%a6%d7%a9-%d7%94%d7%a7%d7%a8%d7%95%d7%91-13-9-14-%d7%91%d7%a4%d7%a8%d7%93%d7%a1-%d7%97%d7%a0%d7%94/,http://eyalamit-co-il-2026.s887.upress.link/%d7%a2%d7%9b%d7%a9%d7%99%d7%95-%d7%94%d7%95%d7%a4%d7%a2%d7%94-%d7%91%d7%9e%d7%95%d7%a6%d7%a9-%d7%94%d7%a7%d7%a8%d7%95%d7%91-13-9-14-%d7%91%d7%a4%d7%a8%d7%93%d7%a1-%d7%97%d7%a0%d7%94/,אין,ארכיון הבלוג מוקפא בסבב 1; הפוסטים עצמם סבב 2,הקפאה,אין חבילה ואין סקירה. החי נשאר ארכיון עד הכרעה. לא 54 שאלות לאייל.
R2-053,"שמרו התאריכים! תופעת יחיד: 11/11/16 פסטיבל נאטראז', 22/12/16 בית ציוני אמריקה, 29/12/16 תיאטרון הידית",/%d7%a2%d7%9b%d7%a9%d7%99%d7%95-%d7%9e%d7%95%d7%a4%d7%a2-%d7%94%d7%a1%d7%99%d7%a4%d7%95%d7%a8%d7%99%d7%9d-%d7%a9%d7%9c-%d7%90%d7%99%d7%99%d7%9c-%d7%a2%d7%9e%d7%99%d7%aa-%d7%aa%d7%95%d7%a4%d7%a2/,/עכשיו-מופע-הסיפורים-של-אייל-עמית-תופע/,פוסט,200,200,/%d7%a2%d7%9b%d7%a9%d7%99%d7%95-%d7%9e%d7%95%d7%a4%d7%a2-%d7%94%d7%a1%d7%99%d7%a4%d7%95%d7%a8%d7%99%d7%9d-%d7%a9%d7%9c-%d7%90%d7%99%d7%99%d7%9c-%d7%a2%d7%9e%d7%99%d7%aa-%d7%aa%d7%95%d7%a4%d7%a2/,http://eyalamit-co-il-2026.s887.upress.link/%d7%a2%d7%9b%d7%a9%d7%99%d7%95-%d7%9e%d7%95%d7%a4%d7%a2-%d7%94%d7%a1%d7%99%d7%a4%d7%95%d7%a8%d7%99%d7%9d-%d7%a9%d7%9c-%d7%90%d7%99%d7%99%d7%9c-%d7%a2%d7%9e%d7%99%d7%aa-%d7%aa%d7%95%d7%a4%d7%a2/,אין,ארכיון הבלוג מוקפא בסבב 1; הפוסטים עצמם סבב 2,הקפאה,אין חבילה ואין סקירה. החי נשאר ארכיון עד הכרעה. לא 54 שאלות לאייל.
R2-054,עכשיו!!!! מופע הסיפורים של אייל עמית – 15.11.14 בתיאטרון הידית פרדס חנה,/%d7%a2%d7%9b%d7%a9%d7%99%d7%95-%d7%9e%d7%95%d7%a4%d7%a2-%d7%94%d7%a1%d7%99%d7%a4%d7%95%d7%a8%d7%99%d7%9d-%d7%a9%d7%9c-%d7%90%d7%99%d7%99%d7%9c-%d7%a2%d7%9e%d7%99%d7%aa-15-11-14-%d7%91%d7%aa/,/עכשיו-מופע-הסיפורים-של-אייל-עמית-15-11-14-בת/,פוסט,200,200,/%d7%a2%d7%9b%d7%a9%d7%99%d7%95-%d7%9e%d7%95%d7%a4%d7%a2-%d7%94%d7%a1%d7%99%d7%a4%d7%95%d7%a8%d7%99%d7%9d-%d7%a9%d7%9c-%d7%90%d7%99%d7%99%d7%9c-%d7%a2%d7%9e%d7%99%d7%aa-15-11-14-%d7%91%d7%aa/,http://eyalamit-co-il-2026.s887.upress.link/%d7%a2%d7%9b%d7%a9%d7%99%d7%95-%d7%9e%d7%95%d7%a4%d7%a2-%d7%94%d7%a1%d7%99%d7%a4%d7%95%d7%a8%d7%99%d7%9d-%d7%a9%d7%9c-%d7%90%d7%99%d7%99%d7%9c-%d7%a2%d7%9e%d7%99%d7%aa-15-11-14-%d7%91%d7%aa/,אין,ארכיון הבלוג מוקפא בסבב 1; הפוסטים עצמם סבב 2,הקפאה,אין חבילה ואין סקירה. החי נשאר ארכיון עד הכרעה. לא 54 שאלות לאייל.
R2-055,הופעת בכורה בתל אביב!!! 3/12/13  'סרטים מהחיים' – מופע הסיפורים של אייל עמית,/%d7%a2%d7%9e%d7%99%d7%aa-%d7%91%d7%99%d6%b8%d7%93%d6%b4%d7%99%d7%aa-%d7%9e%d7%95%d7%a4%d7%a2-%d7%94%d7%a1%d7%99%d7%a4%d7%95%d7%a8%d7%99%d7%9d-%d7%a9%d7%9c-%d7%90%d7%99%d7%99%d7%9c-%d7%a2%d7%9e%d7%99/,/עמית-ביָדִית-מופע-הסיפורים-של-אייל-עמי/,פוסט,200,200,/%d7%a2%d7%9e%d7%99%d7%aa-%d7%91%d7%99%d6%b8%d7%93%d6%b4%d7%99%d7%aa-%d7%9e%d7%95%d7%a4%d7%a2-%d7%94%d7%a1%d7%99%d7%a4%d7%95%d7%a8%d7%99%d7%9d-%d7%a9%d7%9c-%d7%90%d7%99%d7%99%d7%9c-%d7%a2%d7%9e%d7%99/,http://eyalamit-co-il-2026.s887.upress.link/%d7%a2%d7%9e%d7%99%d7%aa-%d7%91%d7%99%d6%b8%d7%93%d6%b4%d7%99%d7%aa-%d7%9e%d7%95%d7%a4%d7%a2-%d7%94%d7%a1%d7%99%d7%a4%d7%95%d7%a8%d7%99%d7%9d-%d7%a9%d7%9c-%d7%90%d7%99%d7%99%d7%9c-%d7%a2%d7%9e%d7%99/,אין,ארכיון הבלוג מוקפא בסבב 1; הפוסטים עצמם סבב 2,הקפאה,אין חבילה ואין סקירה. החי נשאר ארכיון עד הכרעה. לא 54 שאלות לאייל.
R2-056,"צלילים מרפאים, תדרים מרפאים, סאונד הילינג דיג'רידו – אייל עמית",/%d7%a4%d7%95%d7%93%d7%a7%d7%90%d7%a1%d7%98-%d7%93%d7%99%d7%92%d7%a8%d7%99%d7%93%d7%95-%d7%95-%d7%a0%d7%a9%d7%99%d7%9e%d7%94-%d7%90%d7%99%d7%99%d7%9c-%d7%a2%d7%9e%d7%99%d7%aa-2/,/פודקאסט-דיגרידו-ו-נשימה-אייל-עמית-2/,פוסט,200,200,/%d7%a4%d7%95%d7%93%d7%a7%d7%90%d7%a1%d7%98-%d7%93%d7%99%d7%92%d7%a8%d7%99%d7%93%d7%95-%d7%95-%d7%a0%d7%a9%d7%99%d7%9e%d7%94-%d7%90%d7%99%d7%99%d7%9c-%d7%a2%d7%9e%d7%99%d7%aa-2/,http://eyalamit-co-il-2026.s887.upress.link/%d7%a4%d7%95%d7%93%d7%a7%d7%90%d7%a1%d7%98-%d7%93%d7%99%d7%92%d7%a8%d7%99%d7%93%d7%95-%d7%95-%d7%a0%d7%a9%d7%99%d7%9e%d7%94-%d7%90%d7%99%d7%99%d7%9c-%d7%a2%d7%9e%d7%99%d7%aa-2/,אין,ארכיון הבלוג מוקפא בסבב 1; הפוסטים עצמם סבב 2,הקפאה,אין חבילה ואין סקירה. החי נשאר ארכיון עד הכרעה. לא 54 שאלות לאייל.
R2-057,"ראיון מלא (90 דקות) בפודקאסט של נווית צוף שטראוס בנושא הנשימה, דיג'רידו והעשייה הייחודית שלי במרכז לטיפול בנשימה באמצעות דיג'רידו",/%d7%a4%d7%95%d7%93%d7%a7%d7%90%d7%a1%d7%98-%d7%93%d7%99%d7%92%d7%a8%d7%99%d7%93%d7%95-%d7%95-%d7%a0%d7%a9%d7%99%d7%9e%d7%94-%d7%90%d7%99%d7%99%d7%9c-%d7%a2%d7%9e%d7%99%d7%aa/,/פודקאסט-דיגרידו-ו-נשימה-אייל-עמית/,פוסט,200,200,/%d7%a4%d7%95%d7%93%d7%a7%d7%90%d7%a1%d7%98-%d7%93%d7%99%d7%92%d7%a8%d7%99%d7%93%d7%95-%d7%95-%d7%a0%d7%a9%d7%99%d7%9e%d7%94-%d7%90%d7%99%d7%99%d7%9c-%d7%a2%d7%9e%d7%99%d7%aa/,http://eyalamit-co-il-2026.s887.upress.link/%d7%a4%d7%95%d7%93%d7%a7%d7%90%d7%a1%d7%98-%d7%93%d7%99%d7%92%d7%a8%d7%99%d7%93%d7%95-%d7%95-%d7%a0%d7%a9%d7%99%d7%9e%d7%94-%d7%90%d7%99%d7%99%d7%9c-%d7%a2%d7%9e%d7%99%d7%aa/,אין,ארכיון הבלוג מוקפא בסבב 1; הפוסטים עצמם סבב 2,הקפאה,אין חבילה ואין סקירה. החי נשאר ארכיון עד הכרעה. לא 54 שאלות לאייל.
R2-058,"הכל אודות ריברסינג, נשימה מעגלית ו- דיג'רידו. האם נשימה מעגלית בדיג'רידו היא אותה נשימה מעגלית משיטת הטיפול ריברסינג? התשובה היא לא. הנה ההסבר המלא:",/%d7%a8%d7%99%d7%91%d7%a8%d7%a1%d7%99%d7%a0%d7%92-%d7%a0%d7%a9%d7%99%d7%9e%d7%94-%d7%9e%d7%a2%d7%92%d7%9c%d7%99%d7%aa-%d7%93%d7%99%d7%92%d7%a8%d7%99%d7%93%d7%95/,/ריברסינג-נשימה-מעגלית-דיגרידו/,פוסט,200,200,/%d7%a8%d7%99%d7%91%d7%a8%d7%a1%d7%99%d7%a0%d7%92-%d7%a0%d7%a9%d7%99%d7%9e%d7%94-%d7%9e%d7%a2%d7%92%d7%9c%d7%99%d7%aa-%d7%93%d7%99%d7%92%d7%a8%d7%99%d7%93%d7%95/,http://eyalamit-co-il-2026.s887.upress.link/%d7%a8%d7%99%d7%91%d7%a8%d7%a1%d7%99%d7%a0%d7%92-%d7%a0%d7%a9%d7%99%d7%9e%d7%94-%d7%9e%d7%a2%d7%92%d7%9c%d7%99%d7%aa-%d7%93%d7%99%d7%92%d7%a8%d7%99%d7%93%d7%95/,אין,ארכיון הבלוג מוקפא בסבב 1; הפוסטים עצמם סבב 2,הקפאה,אין חבילה ואין סקירה. החי נשאר ארכיון עד הכרעה. לא 54 שאלות לאייל.
R2-059,"""שנה לחוק הספרים: צניחה של 35% במכירות של ספרים חדשים – ועלייה חדה במחירים"" | צרכנות דה-מרקר",/%d7%a9%d7%a0%d7%94-%d7%9c%d7%97%d7%95%d7%a7-%d7%94%d7%a1%d7%a4%d7%a8%d7%99%d7%9d-%d7%a6%d7%a0%d7%99%d7%97%d7%94-%d7%a9%d7%9c-35-%d7%91%d7%9e%d7%9b%d7%99%d7%a8%d7%95%d7%aa-%d7%a9%d7%9c-%d7%a1%d7%a4/,/שנה-לחוק-הספרים-צניחה-של-35-במכירות-של-ספ/,פוסט,200,200,/%d7%a9%d7%a0%d7%94-%d7%9c%d7%97%d7%95%d7%a7-%d7%94%d7%a1%d7%a4%d7%a8%d7%99%d7%9d-%d7%a6%d7%a0%d7%99%d7%97%d7%94-%d7%a9%d7%9c-35-%d7%91%d7%9e%d7%9b%d7%99%d7%a8%d7%95%d7%aa-%d7%a9%d7%9c-%d7%a1%d7%a4/,http://eyalamit-co-il-2026.s887.upress.link/%d7%a9%d7%a0%d7%94-%d7%9c%d7%97%d7%95%d7%a7-%d7%94%d7%a1%d7%a4%d7%a8%d7%99%d7%9d-%d7%a6%d7%a0%d7%99%d7%97%d7%94-%d7%a9%d7%9c-35-%d7%91%d7%9e%d7%9b%d7%99%d7%a8%d7%95%d7%aa-%d7%a9%d7%9c-%d7%a1%d7%a4/,אין,ארכיון הבלוג מוקפא בסבב 1; הפוסטים עצמם סבב 2,הקפאה,אין חבילה ואין סקירה. החי נשאר ארכיון עד הכרעה. לא 54 שאלות לאייל.
R2-060,"מה חושבים על המופע ""תופעת יחיד"" של אייל עמית: אלון נוימן, שי אביבי, מיכל ליבדינסקי, אברהם טל, ערן שטרן ועוד..",/%d7%a9%d7%a0%d7%99-%d7%aa%d7%90%d7%a8%d7%99%d7%9b%d7%99%d7%9d-%d7%a7%d7%a8%d7%95%d7%91%d7%99%d7%9d-%d7%9c%d7%9e%d7%95%d7%a4%d7%a2-%d7%94%d7%a1%d7%99%d7%a4%d7%95%d7%a8%d7%99%d7%9d-%d7%a9%d7%9c-%d7%90/,/שני-תאריכים-קרובים-למופע-הסיפורים-של-א/,פוסט,200,200,/%d7%a9%d7%a0%d7%99-%d7%aa%d7%90%d7%a8%d7%99%d7%9b%d7%99%d7%9d-%d7%a7%d7%a8%d7%95%d7%91%d7%99%d7%9d-%d7%9c%d7%9e%d7%95%d7%a4%d7%a2-%d7%94%d7%a1%d7%99%d7%a4%d7%95%d7%a8%d7%99%d7%9d-%d7%a9%d7%9c-%d7%90/,http://eyalamit-co-il-2026.s887.upress.link/%d7%a9%d7%a0%d7%99-%d7%aa%d7%90%d7%a8%d7%99%d7%9b%d7%99%d7%9d-%d7%a7%d7%a8%d7%95%d7%91%d7%99%d7%9d-%d7%9c%d7%9e%d7%95%d7%a4%d7%a2-%d7%94%d7%a1%d7%99%d7%a4%d7%95%d7%a8%d7%99%d7%9d-%d7%a9%d7%9c-%d7%90/,אין,ארכיון הבלוג מוקפא בסבב 1; הפוסטים עצמם סבב 2,הקפאה,אין חבילה ואין סקירה. החי נשאר ארכיון עד הכרעה. לא 54 שאלות לאייל.
R2-061,תלמידים ומטופלים ממליצים על המרכז לטיפול בדיג'רידו – אייל עמית,/%d7%aa%d7%9c%d7%9e%d7%99%d7%93%d7%99%d7%9d-%d7%95%d7%9e%d7%98%d7%95%d7%a4%d7%9c%d7%99%d7%9d-%d7%9e%d7%9e%d7%9c%d7%99%d7%a6%d7%99%d7%9d-%d7%a2%d7%9c-%d7%94%d7%9e%d7%a8%d7%9b%d7%96-%d7%9c%d7%98%d7%99/,/תלמידים-ומטופלים-ממליצים-על-המרכז-לטי/,פוסט,200,200,/%d7%aa%d7%9c%d7%9e%d7%99%d7%93%d7%99%d7%9d-%d7%95%d7%9e%d7%98%d7%95%d7%a4%d7%9c%d7%99%d7%9d-%d7%9e%d7%9e%d7%9c%d7%99%d7%a6%d7%99%d7%9d-%d7%a2%d7%9c-%d7%94%d7%9e%d7%a8%d7%9b%d7%96-%d7%9c%d7%98%d7%99/,http://eyalamit-co-il-2026.s887.upress.link/%d7%aa%d7%9c%d7%9e%d7%99%d7%93%d7%99%d7%9d-%d7%95%d7%9e%d7%98%d7%95%d7%a4%d7%9c%d7%99%d7%9d-%d7%9e%d7%9e%d7%9c%d7%99%d7%a6%d7%99%d7%9d-%d7%a2%d7%9c-%d7%94%d7%9e%d7%a8%d7%9b%d7%96-%d7%9c%d7%98%d7%99/,אין,ארכיון הבלוג מוקפא בסבב 1; הפוסטים עצמם סבב 2,הקפאה,אין חבילה ואין סקירה. החי נשאר ארכיון עד הכרעה. לא 54 שאלות לאייל.
R2-062,100% !!!!!!! 100%  !!!!!!!! 100%  !!!!!!!!  תודה  !!!!!!!!!,/100-100-100-%d7%aa%d7%95%d7%93%d7%94/,/100-100-100-תודה/,פוסט,200,200,/100-100-100-%d7%aa%d7%95%d7%93%d7%94/,http://eyalamit-co-il-2026.s887.upress.link/100-100-100-%d7%aa%d7%95%d7%93%d7%94/,אין,ארכיון הבלוג מוקפא בסבב 1; הפוסטים עצמם סבב 2,הקפאה,אין חבילה ואין סקירה. החי נשאר ארכיון עד הכרעה. לא 54 שאלות לאייל.
R2-063,(18) הטור של אייל עמית: מסך הברזל,/18-%d7%94%d7%98%d7%95%d7%a8-%d7%a9%d7%9c-%d7%90%d7%99%d7%99%d7%9c-%d7%a2%d7%9e%d7%99%d7%aa-%d7%9e%d7%a1%d7%9a-%d7%94%d7%91%d7%a8%d7%96%d7%9c/,/18-הטור-של-אייל-עמית-מסך-הברזל/,פוסט,200,200,/18-%d7%94%d7%98%d7%95%d7%a8-%d7%a9%d7%9c-%d7%90%d7%99%d7%99%d7%9c-%d7%a2%d7%9e%d7%99%d7%aa-%d7%9e%d7%a1%d7%9a-%d7%94%d7%91%d7%a8%d7%96%d7%9c/,http://eyalamit-co-il-2026.s887.upress.link/18-%d7%94%d7%98%d7%95%d7%a8-%d7%a9%d7%9c-%d7%90%d7%99%d7%99%d7%9c-%d7%a2%d7%9e%d7%99%d7%aa-%d7%9e%d7%a1%d7%9a-%d7%94%d7%91%d7%a8%d7%96%d7%9c/,אין,ארכיון הבלוג מוקפא בסבב 1; הפוסטים עצמם סבב 2,הקפאה,אין חבילה ואין סקירה. החי נשאר ארכיון עד הכרעה. לא 54 שאלות לאייל.
R2-064,2.8 תופעת יחיד בצוותא – 50% מהמקומות באולם חינם לתושבי הדרום!,/2-8-%d7%9e%d7%95%d7%a4%d7%a2-%d7%91%d7%a6%d7%95%d7%95%d7%aa%d7%90-20-%d7%9e%d7%94%d7%9e%d7%a7%d7%95%d7%9e%d7%95%d7%aa-%d7%91%d7%90%d7%95%d7%9c%d7%9d-%d7%97%d7%99%d7%a0%d7%9d-%d7%9c%d7%aa%d7%95%d7%a9/,/2-8-מופע-בצוותא-20-מהמקומות-באולם-חינם-לתוש/,פוסט,200,200,/2-8-%d7%9e%d7%95%d7%a4%d7%a2-%d7%91%d7%a6%d7%95%d7%95%d7%aa%d7%90-20-%d7%9e%d7%94%d7%9e%d7%a7%d7%95%d7%9e%d7%95%d7%aa-%d7%91%d7%90%d7%95%d7%9c%d7%9d-%d7%97%d7%99%d7%a0%d7%9d-%d7%9c%d7%aa%d7%95%d7%a9/,http://eyalamit-co-il-2026.s887.upress.link/2-8-%d7%9e%d7%95%d7%a4%d7%a2-%d7%91%d7%a6%d7%95%d7%95%d7%aa%d7%90-20-%d7%9e%d7%94%d7%9e%d7%a7%d7%95%d7%9e%d7%95%d7%aa-%d7%91%d7%90%d7%95%d7%9c%d7%9d-%d7%97%d7%99%d7%a0%d7%9d-%d7%9c%d7%aa%d7%95%d7%a9/,אין,ארכיון הבלוג מוקפא בסבב 1; הפוסטים עצמם סבב 2,הקפאה,אין חבילה ואין סקירה. החי נשאר ארכיון עד הכרעה. לא 54 שאלות לאייל.
R2-065,מופע הסיפורים של אייל עמית – תופעת יחיד | כתבה מאת שי מרקוביץ / ידיעות השרון,/2228-2/,/2228-2/,פוסט,200,200,/2228-2/,http://eyalamit-co-il-2026.s887.upress.link/2228-2/,אין,ארכיון הבלוג מוקפא בסבב 1; הפוסטים עצמם סבב 2,הקפאה,אין חבילה ואין סקירה. החי נשאר ארכיון עד הכרעה. לא 54 שאלות לאייל.
R2-066,(23) הטור של אייל עמית: לציית או לחשוב,/23-%d7%94%d7%98%d7%95%d7%a8-%d7%a9%d7%9c-%d7%90%d7%99%d7%99%d7%9c-%d7%a2%d7%9e%d7%99%d7%aa-%d7%9c%d7%a6%d7%99%d7%99%d7%aa-%d7%90%d7%95-%d7%9c%d7%97%d7%a9%d7%95%d7%91/,/23-הטור-של-אייל-עמית-לציית-או-לחשוב/,פוסט,200,200,/23-%d7%94%d7%98%d7%95%d7%a8-%d7%a9%d7%9c-%d7%90%d7%99%d7%99%d7%9c-%d7%a2%d7%9e%d7%99%d7%aa-%d7%9c%d7%a6%d7%99%d7%99%d7%aa-%d7%90%d7%95-%d7%9c%d7%97%d7%a9%d7%95%d7%91/,http://eyalamit-co-il-2026.s887.upress.link/23-%d7%94%d7%98%d7%95%d7%a8-%d7%a9%d7%9c-%d7%90%d7%99%d7%99%d7%9c-%d7%a2%d7%9e%d7%99%d7%aa-%d7%9c%d7%a6%d7%99%d7%99%d7%aa-%d7%90%d7%95-%d7%9c%d7%97%d7%a9%d7%95%d7%91/,אין,ארכיון הבלוג מוקפא בסבב 1; הפוסטים עצמם סבב 2,הקפאה,אין חבילה ואין סקירה. החי נשאר ארכיון עד הכרעה. לא 54 שאלות לאייל.
R2-067,(27) הטור של אייל עמית: חכמת הפרצוף,/27-%d7%94%d7%98%d7%95%d7%a8-%d7%a9%d7%9c-%d7%90%d7%99%d7%99%d7%9c-%d7%a2%d7%9e%d7%99%d7%aa-%d7%97%d7%9b%d7%9e%d7%aa-%d7%94%d7%a4%d7%a8%d7%a6%d7%95%d7%a3/,/27-הטור-של-אייל-עמית-חכמת-הפרצוף/,פוסט,200,200,/27-%d7%94%d7%98%d7%95%d7%a8-%d7%a9%d7%9c-%d7%90%d7%99%d7%99%d7%9c-%d7%a2%d7%9e%d7%99%d7%aa-%d7%97%d7%9b%d7%9e%d7%aa-%d7%94%d7%a4%d7%a8%d7%a6%d7%95%d7%a3/,http://eyalamit-co-il-2026.s887.upress.link/27-%d7%94%d7%98%d7%95%d7%a8-%d7%a9%d7%9c-%d7%90%d7%99%d7%99%d7%9c-%d7%a2%d7%9e%d7%99%d7%aa-%d7%97%d7%9b%d7%9e%d7%aa-%d7%94%d7%a4%d7%a8%d7%a6%d7%95%d7%a3/,אין,ארכיון הבלוג מוקפא בסבב 1; הפוסטים עצמם סבב 2,הקפאה,אין חבילה ואין סקירה. החי נשאר ארכיון עד הכרעה. לא 54 שאלות לאייל.
R2-068,(29) הטור של אייל עמית: רייב שבוע הספר,/29-%d7%94%d7%98%d7%95%d7%a8-%d7%a9%d7%9c-%d7%90%d7%99%d7%99%d7%9c-%d7%a2%d7%9e%d7%99%d7%aa-%d7%a8%d7%99%d7%99%d7%91-%d7%a9%d7%91%d7%95%d7%a2-%d7%94%d7%a1%d7%a4%d7%a8/,/29-הטור-של-אייל-עמית-רייב-שבוע-הספר/,פוסט,200,200,/29-%d7%94%d7%98%d7%95%d7%a8-%d7%a9%d7%9c-%d7%90%d7%99%d7%99%d7%9c-%d7%a2%d7%9e%d7%99%d7%aa-%d7%a8%d7%99%d7%99%d7%91-%d7%a9%d7%91%d7%95%d7%a2-%d7%94%d7%a1%d7%a4%d7%a8/,http://eyalamit-co-il-2026.s887.upress.link/29-%d7%94%d7%98%d7%95%d7%a8-%d7%a9%d7%9c-%d7%90%d7%99%d7%99%d7%9c-%d7%a2%d7%9e%d7%99%d7%aa-%d7%a8%d7%99%d7%99%d7%91-%d7%a9%d7%91%d7%95%d7%a2-%d7%94%d7%a1%d7%a4%d7%a8/,אין,ארכיון הבלוג מוקפא בסבב 1; הפוסטים עצמם סבב 2,הקפאה,אין חבילה ואין סקירה. החי נשאר ארכיון עד הכרעה. לא 54 שאלות לאייל.
R2-069,(32) הטור של אייל עמית: אם אין אני לי – מי לי,/32-%d7%94%d7%98%d7%95%d7%a8-%d7%a9%d7%9c-%d7%90%d7%99%d7%99%d7%9c-%d7%a2%d7%9e%d7%99%d7%aa-%d7%90%d7%9d-%d7%90%d7%99%d7%9f-%d7%90%d7%a0%d7%99-%d7%9c%d7%99-%d7%9e%d7%99-%d7%9c%d7%99/,/32-הטור-של-אייל-עמית-אם-אין-אני-לי-מי-לי/,פוסט,200,200,/32-%d7%94%d7%98%d7%95%d7%a8-%d7%a9%d7%9c-%d7%90%d7%99%d7%99%d7%9c-%d7%a2%d7%9e%d7%99%d7%aa-%d7%90%d7%9d-%d7%90%d7%99%d7%9f-%d7%90%d7%a0%d7%99-%d7%9c%d7%99-%d7%9e%d7%99-%d7%9c%d7%99/,http://eyalamit-co-il-2026.s887.upress.link/32-%d7%94%d7%98%d7%95%d7%a8-%d7%a9%d7%9c-%d7%90%d7%99%d7%99%d7%9c-%d7%a2%d7%9e%d7%99%d7%aa-%d7%90%d7%9d-%d7%90%d7%99%d7%9f-%d7%90%d7%a0%d7%99-%d7%9c%d7%99-%d7%9e%d7%99-%d7%9c%d7%99/,אין,ארכיון הבלוג מוקפא בסבב 1; הפוסטים עצמם סבב 2,הקפאה,אין חבילה ואין סקירה. החי נשאר ארכיון עד הכרעה. לא 54 שאלות לאייל.
R2-070,(34) הטור של אייל עמית: הלב,/34-%d7%94%d7%98%d7%95%d7%a8-%d7%a9%d7%9c-%d7%90%d7%99%d7%99%d7%9c-%d7%a2%d7%9e%d7%99%d7%aa-%d7%94%d7%9c%d7%91/,/34-הטור-של-אייל-עמית-הלב/,פוסט,200,200,/34-%d7%94%d7%98%d7%95%d7%a8-%d7%a9%d7%9c-%d7%90%d7%99%d7%99%d7%9c-%d7%a2%d7%9e%d7%99%d7%aa-%d7%94%d7%9c%d7%91/,http://eyalamit-co-il-2026.s887.upress.link/34-%d7%94%d7%98%d7%95%d7%a8-%d7%a9%d7%9c-%d7%90%d7%99%d7%99%d7%9c-%d7%a2%d7%9e%d7%99%d7%aa-%d7%94%d7%9c%d7%91/,אין,ארכיון הבלוג מוקפא בסבב 1; הפוסטים עצמם סבב 2,הקפאה,אין חבילה ואין סקירה. החי נשאר ארכיון עד הכרעה. לא 54 שאלות לאייל.
R2-071,(36) הטור של אייל עמית: שיטת השקשוקה,/36-%d7%94%d7%98%d7%95%d7%a8-%d7%a9%d7%9c-%d7%90%d7%99%d7%99%d7%9c-%d7%a2%d7%9e%d7%99%d7%aa-%d7%a9%d7%99%d7%98%d7%aa-%d7%94%d7%a9%d7%a7%d7%a9%d7%95%d7%a7%d7%94/,/36-הטור-של-אייל-עמית-שיטת-השקשוקה/,פוסט,200,200,/36-%d7%94%d7%98%d7%95%d7%a8-%d7%a9%d7%9c-%d7%90%d7%99%d7%99%d7%9c-%d7%a2%d7%9e%d7%99%d7%aa-%d7%a9%d7%99%d7%98%d7%aa-%d7%94%d7%a9%d7%a7%d7%a9%d7%95%d7%a7%d7%94/,http://eyalamit-co-il-2026.s887.upress.link/36-%d7%94%d7%98%d7%95%d7%a8-%d7%a9%d7%9c-%d7%90%d7%99%d7%99%d7%9c-%d7%a2%d7%9e%d7%99%d7%aa-%d7%a9%d7%99%d7%98%d7%aa-%d7%94%d7%a9%d7%a7%d7%a9%d7%95%d7%a7%d7%94/,אין,ארכיון הבלוג מוקפא בסבב 1; הפוסטים עצמם סבב 2,הקפאה,אין חבילה ואין סקירה. החי נשאר ארכיון עד הכרעה. לא 54 שאלות לאייל.
R2-072,(40) הטור של אייל עמית: פרסומת אחת וחזרנו,/40-%d7%94%d7%98%d7%95%d7%a8-%d7%a9%d7%9c-%d7%90%d7%99%d7%99%d7%9c-%d7%a2%d7%9e%d7%99%d7%aa-%d7%a4%d7%a8%d7%a1%d7%95%d7%9e%d7%aa-%d7%90%d7%97%d7%aa-%d7%95%d7%97%d7%96%d7%a8%d7%a0%d7%95/,/40-הטור-של-אייל-עמית-פרסומת-אחת-וחזרנו/,פוסט,200,200,/40-%d7%94%d7%98%d7%95%d7%a8-%d7%a9%d7%9c-%d7%90%d7%99%d7%99%d7%9c-%d7%a2%d7%9e%d7%99%d7%aa-%d7%a4%d7%a8%d7%a1%d7%95%d7%9e%d7%aa-%d7%90%d7%97%d7%aa-%d7%95%d7%97%d7%96%d7%a8%d7%a0%d7%95/,http://eyalamit-co-il-2026.s887.upress.link/40-%d7%94%d7%98%d7%95%d7%a8-%d7%a9%d7%9c-%d7%90%d7%99%d7%99%d7%9c-%d7%a2%d7%9e%d7%99%d7%aa-%d7%a4%d7%a8%d7%a1%d7%95%d7%9e%d7%aa-%d7%90%d7%97%d7%aa-%d7%95%d7%97%d7%96%d7%a8%d7%a0%d7%95/,אין,ארכיון הבלוג מוקפא בסבב 1; הפוסטים עצמם סבב 2,הקפאה,אין חבילה ואין סקירה. החי נשאר ארכיון עד הכרעה. לא 54 שאלות לאייל.
R2-073,(41) הטור של אייל עמית: חארטה בארטה,/41-%d7%94%d7%98%d7%95%d7%a8-%d7%a9%d7%9c-%d7%90%d7%99%d7%99%d7%9c-%d7%a2%d7%9e%d7%99%d7%aa-%d7%97%d7%90%d7%a8%d7%98%d7%94-%d7%91%d7%90%d7%a8%d7%98%d7%94/,/41-הטור-של-אייל-עמית-חארטה-בארטה/,פוסט,200,200,/41-%d7%94%d7%98%d7%95%d7%a8-%d7%a9%d7%9c-%d7%90%d7%99%d7%99%d7%9c-%d7%a2%d7%9e%d7%99%d7%aa-%d7%97%d7%90%d7%a8%d7%98%d7%94-%d7%91%d7%90%d7%a8%d7%98%d7%94/,http://eyalamit-co-il-2026.s887.upress.link/41-%d7%94%d7%98%d7%95%d7%a8-%d7%a9%d7%9c-%d7%90%d7%99%d7%99%d7%9c-%d7%a2%d7%9e%d7%99%d7%aa-%d7%97%d7%90%d7%a8%d7%98%d7%94-%d7%91%d7%90%d7%a8%d7%98%d7%94/,אין,ארכיון הבלוג מוקפא בסבב 1; הפוסטים עצמם סבב 2,הקפאה,אין חבילה ואין סקירה. החי נשאר ארכיון עד הכרעה. לא 54 שאלות לאייל.
R2-074,(42) הטור של אייל עמית: אחד בספטמבר,/42-%d7%94%d7%98%d7%95%d7%a8-%d7%a9%d7%9c-%d7%90%d7%99%d7%99%d7%9c-%d7%a2%d7%9e%d7%99%d7%aa-%d7%90%d7%97%d7%93-%d7%91%d7%a1%d7%a4%d7%98%d7%9e%d7%91%d7%a8/,/42-הטור-של-אייל-עמית-אחד-בספטמבר/,פוסט,200,200,/42-%d7%94%d7%98%d7%95%d7%a8-%d7%a9%d7%9c-%d7%90%d7%99%d7%99%d7%9c-%d7%a2%d7%9e%d7%99%d7%aa-%d7%90%d7%97%d7%93-%d7%91%d7%a1%d7%a4%d7%98%d7%9e%d7%91%d7%a8/,http://eyalamit-co-il-2026.s887.upress.link/42-%d7%94%d7%98%d7%95%d7%a8-%d7%a9%d7%9c-%d7%90%d7%99%d7%99%d7%9c-%d7%a2%d7%9e%d7%99%d7%aa-%d7%90%d7%97%d7%93-%d7%91%d7%a1%d7%a4%d7%98%d7%9e%d7%91%d7%a8/,אין,ארכיון הבלוג מוקפא בסבב 1; הפוסטים עצמם סבב 2,הקפאה,אין חבילה ואין סקירה. החי נשאר ארכיון עד הכרעה. לא 54 שאלות לאייל.
R2-075,(43) הטור של אייל עמית: אדון סליחות,/43-%d7%94%d7%98%d7%95%d7%a8-%d7%a9%d7%9c-%d7%90%d7%99%d7%99%d7%9c-%d7%a2%d7%9e%d7%99%d7%aa-%d7%90%d7%93%d7%95%d7%9f-%d7%a1%d7%9c%d7%99%d7%97%d7%95%d7%aa/,/43-הטור-של-אייל-עמית-אדון-סליחות/,פוסט,200,200,/43-%d7%94%d7%98%d7%95%d7%a8-%d7%a9%d7%9c-%d7%90%d7%99%d7%99%d7%9c-%d7%a2%d7%9e%d7%99%d7%aa-%d7%90%d7%93%d7%95%d7%9f-%d7%a1%d7%9c%d7%99%d7%97%d7%95%d7%aa/,http://eyalamit-co-il-2026.s887.upress.link/43-%d7%94%d7%98%d7%95%d7%a8-%d7%a9%d7%9c-%d7%90%d7%99%d7%99%d7%9c-%d7%a2%d7%9e%d7%99%d7%aa-%d7%90%d7%93%d7%95%d7%9f-%d7%a1%d7%9c%d7%99%d7%97%d7%95%d7%aa/,אין,ארכיון הבלוג מוקפא בסבב 1; הפוסטים עצמם סבב 2,הקפאה,אין חבילה ואין סקירה. החי נשאר ארכיון עד הכרעה. לא 54 שאלות לאייל.
R2-076,(45) הטור של אייל עמית: פרופורציות,/45-%d7%94%d7%98%d7%95%d7%a8-%d7%a9%d7%9c-%d7%90%d7%99%d7%99%d7%9c-%d7%a2%d7%9e%d7%99%d7%aa-%d7%a4%d7%a8%d7%95%d7%a4%d7%95%d7%a8%d7%a6%d7%99%d7%95%d7%aa/,/45-הטור-של-אייל-עמית-פרופורציות/,פוסט,200,200,/45-%d7%94%d7%98%d7%95%d7%a8-%d7%a9%d7%9c-%d7%90%d7%99%d7%99%d7%9c-%d7%a2%d7%9e%d7%99%d7%aa-%d7%a4%d7%a8%d7%95%d7%a4%d7%95%d7%a8%d7%a6%d7%99%d7%95%d7%aa/,http://eyalamit-co-il-2026.s887.upress.link/45-%d7%94%d7%98%d7%95%d7%a8-%d7%a9%d7%9c-%d7%90%d7%99%d7%99%d7%9c-%d7%a2%d7%9e%d7%99%d7%aa-%d7%a4%d7%a8%d7%95%d7%a4%d7%95%d7%a8%d7%a6%d7%99%d7%95%d7%aa/,אין,ארכיון הבלוג מוקפא בסבב 1; הפוסטים עצמם סבב 2,הקפאה,אין חבילה ואין סקירה. החי נשאר ארכיון עד הכרעה. לא 54 שאלות לאייל.
R2-077,זמן חלום (וידאו בלוג) – השקת הספר 'כושי בלאנטיס' גג מסעדת הטאלי 24 רופי | אוגוסט 2004,/47-%d7%94%d7%98%d7%95%d7%a8-%d7%a9%d7%9c-%d7%90%d7%99%d7%99%d7%9c-%d7%a2%d7%9e%d7%99%d7%aa-%d7%96%d7%9e%d7%9f-%d7%97%d7%9c%d7%95%d7%9d/,/47-הטור-של-אייל-עמית-זמן-חלום/,פוסט,200,200,/47-%d7%94%d7%98%d7%95%d7%a8-%d7%a9%d7%9c-%d7%90%d7%99%d7%99%d7%9c-%d7%a2%d7%9e%d7%99%d7%aa-%d7%96%d7%9e%d7%9f-%d7%97%d7%9c%d7%95%d7%9d/,http://eyalamit-co-il-2026.s887.upress.link/47-%d7%94%d7%98%d7%95%d7%a8-%d7%a9%d7%9c-%d7%90%d7%99%d7%99%d7%9c-%d7%a2%d7%9e%d7%99%d7%aa-%d7%96%d7%9e%d7%9f-%d7%97%d7%9c%d7%95%d7%9d/,אין,ארכיון הבלוג מוקפא בסבב 1; הפוסטים עצמם סבב 2,הקפאה,אין חבילה ואין סקירה. החי נשאר ארכיון עד הכרעה. לא 54 שאלות לאייל.
R2-078,(49) הטור של אייל עמית: קומיק רליף,/49-%d7%94%d7%98%d7%95%d7%a8-%d7%a9%d7%9c-%d7%90%d7%99%d7%99%d7%9c-%d7%a2%d7%9e%d7%99%d7%aa-%d7%a7%d7%95%d7%9e%d7%99%d7%a7-%d7%a8%d7%9c%d7%99%d7%a3/,/49-הטור-של-אייל-עמית-קומיק-רליף/,פוסט,200,200,/49-%d7%94%d7%98%d7%95%d7%a8-%d7%a9%d7%9c-%d7%90%d7%99%d7%99%d7%9c-%d7%a2%d7%9e%d7%99%d7%aa-%d7%a7%d7%95%d7%9e%d7%99%d7%a7-%d7%a8%d7%9c%d7%99%d7%a3/,http://eyalamit-co-il-2026.s887.upress.link/49-%d7%94%d7%98%d7%95%d7%a8-%d7%a9%d7%9c-%d7%90%d7%99%d7%99%d7%9c-%d7%a2%d7%9e%d7%99%d7%aa-%d7%a7%d7%95%d7%9e%d7%99%d7%a7-%d7%a8%d7%9c%d7%99%d7%a3/,אין,ארכיון הבלוג מוקפא בסבב 1; הפוסטים עצמם סבב 2,הקפאה,אין חבילה ואין סקירה. החי נשאר ארכיון עד הכרעה. לא 54 שאלות לאייל.
R2-079,(51) הטור של אייל עמית: אקסטרים זה נעים!,/51-%d7%94%d7%98%d7%95%d7%a8-%d7%a9%d7%9c-%d7%90%d7%99%d7%99%d7%9c-%d7%a2%d7%9e%d7%99%d7%aa-%d7%90%d7%a7%d7%a1%d7%98%d7%a8%d7%99%d7%9d-%d7%96%d7%94-%d7%a0%d7%a2%d7%99%d7%9d/,/51-הטור-של-אייל-עמית-אקסטרים-זה-נעים/,פוסט,200,200,/51-%d7%94%d7%98%d7%95%d7%a8-%d7%a9%d7%9c-%d7%90%d7%99%d7%99%d7%9c-%d7%a2%d7%9e%d7%99%d7%aa-%d7%90%d7%a7%d7%a1%d7%98%d7%a8%d7%99%d7%9d-%d7%96%d7%94-%d7%a0%d7%a2%d7%99%d7%9d/,http://eyalamit-co-il-2026.s887.upress.link/51-%d7%94%d7%98%d7%95%d7%a8-%d7%a9%d7%9c-%d7%90%d7%99%d7%99%d7%9c-%d7%a2%d7%9e%d7%99%d7%aa-%d7%90%d7%a7%d7%a1%d7%98%d7%a8%d7%99%d7%9d-%d7%96%d7%94-%d7%a0%d7%a2%d7%99%d7%9d/,אין,ארכיון הבלוג מוקפא בסבב 1; הפוסטים עצמם סבב 2,הקפאה,אין חבילה ואין סקירה. החי נשאר ארכיון עד הכרעה. לא 54 שאלות לאייל.
R2-080,"פרוייקט ""מטיילים מצטלמים"" עם הספרים של מוזה הוצאה לאור",/60-%d7%94%d7%98%d7%95%d7%a8-%d7%a9%d7%9c-%d7%90%d7%99%d7%99%d7%9c-%d7%a2%d7%9e%d7%99%d7%aa-%d7%90%d7%99%d7%99-%d7%90%d7%9d-%d7%91%d7%a7/,/60-הטור-של-אייל-עמית-איי-אם-בק/,פוסט,200,200,/60-%d7%94%d7%98%d7%95%d7%a8-%d7%a9%d7%9c-%d7%90%d7%99%d7%99%d7%9c-%d7%a2%d7%9e%d7%99%d7%aa-%d7%90%d7%99%d7%99-%d7%90%d7%9d-%d7%91%d7%a7/,http://eyalamit-co-il-2026.s887.upress.link/60-%d7%94%d7%98%d7%95%d7%a8-%d7%a9%d7%9c-%d7%90%d7%99%d7%99%d7%9c-%d7%a2%d7%9e%d7%99%d7%aa-%d7%90%d7%99%d7%99-%d7%90%d7%9d-%d7%91%d7%a7/,אין,ארכיון הבלוג מוקפא בסבב 1; הפוסטים עצמם סבב 2,הקפאה,אין חבילה ואין סקירה. החי נשאר ארכיון עד הכרעה. לא 54 שאלות לאייל.
R2-081,QR,/qr/,/qr/,QR,200,200,/qr/,http://eyalamit-co-il-2026.s887.upress.link/qr/,אין,,הקפאה,אין חבילה ואין סקירה. דפי QR חיים; לא ממציאים עותק Hub.
R2-082,והקדמת – qr1,/qr/qr1/,/qr/qr1/,QR,200,200,/qr/qr1/,http://eyalamit-co-il-2026.s887.upress.link/qr/qr1/,אין,,הקפאה,אין חבילה ואין סקירה. דפי QR חיים; לא ממציאים עותק Hub.
R2-083,qr10 – וואט איז דאט?,/qr/qr10/,/qr/qr10/,QR,200,200,/qr/qr10/,http://eyalamit-co-il-2026.s887.upress.link/qr/qr10/,אין,,הקפאה,אין חבילה ואין סקירה. דפי QR חיים; לא ממציאים עותק Hub.
R2-084,qr11 – חורשט זבזי,/qr/qr11/,/qr/qr11/,QR,200,200,/qr/qr11/,http://eyalamit-co-il-2026.s887.upress.link/qr/qr11/,אין,,הקפאה,אין חבילה ואין סקירה. דפי QR חיים; לא ממציאים עותק Hub.
R2-085,qr12 – אינדיאנה ג'ונס והמכרה הארור,/qr/qr12/,/qr/qr12/,QR,200,200,/qr/qr12/,http://eyalamit-co-il-2026.s887.upress.link/qr/qr12/,אין,,הקפאה,אין חבילה ואין סקירה. דפי QR חיים; לא ממציאים עותק Hub.
R2-086,qr13 – ואהבתָ,/qr/qr13/,/qr/qr13/,QR,200,200,/qr/qr13/,http://eyalamit-co-il-2026.s887.upress.link/qr/qr13/,אין,,הקפאה,אין חבילה ואין סקירה. דפי QR חיים; לא ממציאים עותק Hub.
R2-087,qr14 – גורילות בערפל האמזונס,/qr/qr14/,/qr/qr14/,QR,200,200,/qr/qr14/,http://eyalamit-co-il-2026.s887.upress.link/qr/qr14/,אין,,הקפאה,אין חבילה ואין סקירה. דפי QR חיים; לא ממציאים עותק Hub.
R2-088,qr15 – היקיקומורי,/qr/qr15/,/qr/qr15/,QR,200,200,/qr/qr15/,http://eyalamit-co-il-2026.s887.upress.link/qr/qr15/,אין,,הקפאה,אין חבילה ואין סקירה. דפי QR חיים; לא ממציאים עותק Hub.
R2-089,qr16 – דם על הידיים,/qr/qr16/,/qr/qr16/,QR,200,200,/qr/qr16/,http://eyalamit-co-il-2026.s887.upress.link/qr/qr16/,אין,,הקפאה,אין חבילה ואין סקירה. דפי QR חיים; לא ממציאים עותק Hub.
R2-090,qr17 – יוגי לודג',/qr/qr17/,/qr/qr17/,QR,200,200,/qr/qr17/,http://eyalamit-co-il-2026.s887.upress.link/qr/qr17/,אין,,הקפאה,אין חבילה ואין סקירה. דפי QR חיים; לא ממציאים עותק Hub.
R2-091,qr18 – אחד לשלושה טריליון,/qr/qr18/,/qr/qr18/,QR,200,200,/qr/qr18/,http://eyalamit-co-il-2026.s887.upress.link/qr/qr18/,אין,,הקפאה,אין חבילה ואין סקירה. דפי QR חיים; לא ממציאים עותק Hub.
R2-092,qr19 – הפיצה הכי טעימה שאכלתי בחיים,/qr/qr19/,/qr/qr19/,QR,200,200,/qr/qr19/,http://eyalamit-co-il-2026.s887.upress.link/qr/qr19/,אין,,הקפאה,אין חבילה ואין סקירה. דפי QR חיים; לא ממציאים עותק Hub.
R2-093,qr2 – אקדח לתוך הראש,/qr/qr2/,/qr/qr2/,QR,200,200,/qr/qr2/,http://eyalamit-co-il-2026.s887.upress.link/qr/qr2/,אין,,הקפאה,אין חבילה ואין סקירה. דפי QR חיים; לא ממציאים עותק Hub.
R2-094,"qr20 – אבא, אני רעב",/qr/qr20/,/qr/qr20/,QR,200,200,/qr/qr20/,http://eyalamit-co-il-2026.s887.upress.link/qr/qr20/,אין,,הקפאה,אין חבילה ואין סקירה. דפי QR חיים; לא ממציאים עותק Hub.
R2-095,qr21 – ג'סי ראם!,/qr/qr21/,/qr/qr21/,QR,200,200,/qr/qr21/,http://eyalamit-co-il-2026.s887.upress.link/qr/qr21/,אין,,הקפאה,אין חבילה ואין סקירה. דפי QR חיים; לא ממציאים עותק Hub.
R2-096,qr22 – בולט אנט,/qr/qr22/,/qr/qr22/,QR,200,200,/qr/qr22/,http://eyalamit-co-il-2026.s887.upress.link/qr/qr22/,אין,,הקפאה,אין חבילה ואין סקירה. דפי QR חיים; לא ממציאים עותק Hub.
R2-097,qr23 – יום כן יום לא,/qr/qr23/,/qr/qr23/,QR,200,200,/qr/qr23/,http://eyalamit-co-il-2026.s887.upress.link/qr/qr23/,אין,,הקפאה,אין חבילה ואין סקירה. דפי QR חיים; לא ממציאים עותק Hub.
R2-098,qr24 – קוֹל פּוּט שוֹרט סטופ!,/qr/qr24/,/qr/qr24/,QR,200,200,/qr/qr24/,http://eyalamit-co-il-2026.s887.upress.link/qr/qr24/,אין,,הקפאה,אין חבילה ואין סקירה. דפי QR חיים; לא ממציאים עותק Hub.
R2-099,qr25 – גרין ווש,/qr/qr25/,/qr/qr25/,QR,200,200,/qr/qr25/,http://eyalamit-co-il-2026.s887.upress.link/qr/qr25/,אין,,הקפאה,אין חבילה ואין סקירה. דפי QR חיים; לא ממציאים עותק Hub.
R2-100,qr26 – כורסת הציפורניים,/qr/qr26/,/qr/qr26/,QR,200,200,/qr/qr26/,http://eyalamit-co-il-2026.s887.upress.link/qr/qr26/,אין,,הקפאה,אין חבילה ואין סקירה. דפי QR חיים; לא ממציאים עותק Hub.
R2-101,qr27 – אמסטרדם,/qr/qr27/,/qr/qr27/,QR,200,200,/qr/qr27/,http://eyalamit-co-il-2026.s887.upress.link/qr/qr27/,אין,,הקפאה,אין חבילה ואין סקירה. דפי QR חיים; לא ממציאים עותק Hub.
R2-102,qr28 – נזכור ולא נשכח,/qr/qr28/,/qr/qr28/,QR,200,200,/qr/qr28/,http://eyalamit-co-il-2026.s887.upress.link/qr/qr28/,אין,,הקפאה,אין חבילה ואין סקירה. דפי QR חיים; לא ממציאים עותק Hub.
R2-103,qr29 – לעבור דירה,/qr/qr29/,/qr/qr29/,QR,200,200,/qr/qr29/,http://eyalamit-co-il-2026.s887.upress.link/qr/qr29/,אין,,הקפאה,אין חבילה ואין סקירה. דפי QR חיים; לא ממציאים עותק Hub.
R2-104,qr3 – האלמנה השחורה,/qr/qr3/,/qr/qr3/,QR,200,200,/qr/qr3/,http://eyalamit-co-il-2026.s887.upress.link/qr/qr3/,אין,,הקפאה,אין חבילה ואין סקירה. דפי QR חיים; לא ממציאים עותק Hub.
R2-105,qr30 – פרדס חפלה,/qr/qr30/,/qr/qr30/,QR,200,200,/qr/qr30/,http://eyalamit-co-il-2026.s887.upress.link/qr/qr30/,אין,,הקפאה,אין חבילה ואין סקירה. דפי QR חיים; לא ממציאים עותק Hub.
R2-106,qr31 – פיפי במעלית,/qr/qr31/,/qr/qr31/,QR,200,200,/qr/qr31/,http://eyalamit-co-il-2026.s887.upress.link/qr/qr31/,אין,,הקפאה,אין חבילה ואין סקירה. דפי QR חיים; לא ממציאים עותק Hub.
R2-107,qr32 – נשימה מעגלית,/qr/qr32/,/qr/qr32/,QR,200,200,/qr/qr32/,http://eyalamit-co-il-2026.s887.upress.link/qr/qr32/,אין,,הקפאה,אין חבילה ואין סקירה. דפי QR חיים; לא ממציאים עותק Hub.
R2-108,"qr33 – תאכלו ביצים, תהיו טייסים",/qr/qr33/,/qr/qr33/,QR,200,200,/qr/qr33/,http://eyalamit-co-il-2026.s887.upress.link/qr/qr33/,אין,,הקפאה,אין חבילה ואין סקירה. דפי QR חיים; לא ממציאים עותק Hub.
R2-109,qr34 – תקום,/qr/qr34/,/qr/qr34/,QR,200,200,/qr/qr34/,http://eyalamit-co-il-2026.s887.upress.link/qr/qr34/,אין,,הקפאה,אין חבילה ואין סקירה. דפי QR חיים; לא ממציאים עותק Hub.
R2-110,qr35 – הגבר החדש,/qr/qr35/,/qr/qr35/,QR,200,200,/qr/qr35/,http://eyalamit-co-il-2026.s887.upress.link/qr/qr35/,אין,,הקפאה,אין חבילה ואין סקירה. דפי QR חיים; לא ממציאים עותק Hub.
R2-111,qr36 – חוני המעגל,/qr/qr36/,/qr/qr36/,QR,200,200,/qr/qr36/,http://eyalamit-co-il-2026.s887.upress.link/qr/qr36/,אין,,הקפאה,אין חבילה ואין סקירה. דפי QR חיים; לא ממציאים עותק Hub.
R2-112,qr37 – דרך השלום,/qr/qr37/,/qr/qr37/,QR,200,200,/qr/qr37/,http://eyalamit-co-il-2026.s887.upress.link/qr/qr37/,אין,,הקפאה,אין חבילה ואין סקירה. דפי QR חיים; לא ממציאים עותק Hub.
R2-113,qr38 – הבטחות או לא להיות,/qr/qr38/,/qr/qr38/,QR,200,200,/qr/qr38/,http://eyalamit-co-il-2026.s887.upress.link/qr/qr38/,אין,,הקפאה,אין חבילה ואין סקירה. דפי QR חיים; לא ממציאים עותק Hub.
R2-114,qr39 – תחשוב חיובי,/qr/qr39/,/qr/qr39/,QR,200,200,/qr/qr39/,http://eyalamit-co-il-2026.s887.upress.link/qr/qr39/,אין,,הקפאה,אין חבילה ואין סקירה. דפי QR חיים; לא ממציאים עותק Hub.
R2-115,qr4 – בום-בום-בום על דלתי מרום,/qr/qr4/,/qr/qr4/,QR,200,200,/qr/qr4/,http://eyalamit-co-il-2026.s887.upress.link/qr/qr4/,אין,,הקפאה,אין חבילה ואין סקירה. דפי QR חיים; לא ממציאים עותק Hub.
R2-116,qr40 – אבנים חמות,/qr/qr40/,/qr/qr40/,QR,200,200,/qr/qr40/,http://eyalamit-co-il-2026.s887.upress.link/qr/qr40/,אין,,הקפאה,אין חבילה ואין סקירה. דפי QR חיים; לא ממציאים עותק Hub.
R2-117,qr41 – לופ בטעם תות לימון,/qr/qr41/,/qr/qr41/,QR,200,200,/qr/qr41/,http://eyalamit-co-il-2026.s887.upress.link/qr/qr41/,אין,,הקפאה,אין חבילה ואין סקירה. דפי QR חיים; לא ממציאים עותק Hub.
R2-118,qr42 – הבטחות אחים,/qr/qr42/,/qr/qr42/,QR,200,200,/qr/qr42/,http://eyalamit-co-il-2026.s887.upress.link/qr/qr42/,אין,,הקפאה,אין חבילה ואין סקירה. דפי QR חיים; לא ממציאים עותק Hub.
R2-119,qr43 – עכשיו!!!,/qr/qr43/,/qr/qr43/,QR,200,200,/qr/qr43/,http://eyalamit-co-il-2026.s887.upress.link/qr/qr43/,אין,,הקפאה,אין חבילה ואין סקירה. דפי QR חיים; לא ממציאים עותק Hub.
R2-120,qr44 – כולנו פרעושים,/qr/qr44/,/qr/qr44/,QR,200,200,/qr/qr44/,http://eyalamit-co-il-2026.s887.upress.link/qr/qr44/,אין,,הקפאה,אין חבילה ואין סקירה. דפי QR חיים; לא ממציאים עותק Hub.
R2-121,qr45 – צום מיצים,/qr/qr45/,/qr/qr45/,QR,200,200,/qr/qr45/,http://eyalamit-co-il-2026.s887.upress.link/qr/qr45/,אין,,הקפאה,אין חבילה ואין סקירה. דפי QR חיים; לא ממציאים עותק Hub.
R2-122,qr46  – האומץ לאהוב את הפחד,/qr/qr46/,/qr/qr46/,QR,200,200,/qr/qr46/,http://eyalamit-co-il-2026.s887.upress.link/qr/qr46/,אין,,הקפאה,אין חבילה ואין סקירה. דפי QR חיים; לא ממציאים עותק Hub.
R2-123,qr47  – טיפול זוגי,/qr/qr47/,/qr/qr47/,QR,200,200,/qr/qr47/,http://eyalamit-co-il-2026.s887.upress.link/qr/qr47/,אין,,הקפאה,אין חבילה ואין סקירה. דפי QR חיים; לא ממציאים עותק Hub.
R2-124,qr48 -וסיימת,/qr/qr48/,/qr/qr48/,QR,200,200,/qr/qr48/,http://eyalamit-co-il-2026.s887.upress.link/qr/qr48/,אין,,הקפאה,אין חבילה ואין סקירה. דפי QR חיים; לא ממציאים עותק Hub.
R2-125,qr5 – אלכסון הוא אסון,/qr/qr5/,/qr/qr5/,QR,200,200,/qr/qr5/,http://eyalamit-co-il-2026.s887.upress.link/qr/qr5/,אין,,הקפאה,אין חבילה ואין סקירה. דפי QR חיים; לא ממציאים עותק Hub.
R2-126,qr6 – ספיבאק,/qr/qr6/,/qr/qr6/,QR,200,200,/qr/qr6/,http://eyalamit-co-il-2026.s887.upress.link/qr/qr6/,אין,,הקפאה,אין חבילה ואין סקירה. דפי QR חיים; לא ממציאים עותק Hub.
R2-127,qr7 – אחד לשלושה,/qr/qr7/,/qr/qr7/,QR,200,200,/qr/qr7/,http://eyalamit-co-il-2026.s887.upress.link/qr/qr7/,אין,,הקפאה,אין חבילה ואין סקירה. דפי QR חיים; לא ממציאים עותק Hub.
R2-128,qr8 – סופה במדבר,/qr/qr8/,/qr/qr8/,QR,200,200,/qr/qr8/,http://eyalamit-co-il-2026.s887.upress.link/qr/qr8/,אין,,הקפאה,אין חבילה ואין סקירה. דפי QR חיים; לא ממציאים עותק Hub.
R2-129,qr9 – טיפול שורש,/qr/qr9/,/qr/qr9/,QR,200,200,/qr/qr9/,http://eyalamit-co-il-2026.s887.upress.link/qr/qr9/,אין,,הקפאה,אין חבילה ואין סקירה. דפי QR חיים; לא ממציאים עותק Hub.
