מזהה,שם_עמוד,נתיב,סוג,גל,פעולה
R2-001,אודות אייל עמית,/about/,עמוד,W5-hold,שאלה לאייל על העץ — לא 301 בגל הזה
R2-002,מוקש דהימן — על השם,/about/moksha/,עמוד,W1,301 אל מוקש לזכרו; לא לגעת בגוף היעד
R2-003,הצהרת נגישות,/accessibility/,עמוד,W4,מחקר משפטי → טיוטה → אייל מאשר
R2-004,קורסים — בקרוב,/courses-soon/,legacy/301,W1,אימות 301 ליעד סבב 1 (או שרשרת); לא עריכת תוכן
R2-005,השיטה,/hashita/,legacy/301,W1,אימות 301 ליעד סבב 1 (או שרשרת); לא עריכת תוכן
R2-006,כתבות היסטוריות,/historical-articles/,עמוד,W5,העלאה כמו שחי / placeholder + סימון על העץ
R2-007,קורסים (סקולר / חיצוני),/learning/courses-external/,עמוד,W5,העלאה כמו שחי / placeholder + סימון על העץ
R2-008,מוזה הוצאה לאור,/muzeh/,legacy/301,W1,אימות 301 ליעד סבב 1 (או שרשרת); לא עריכת תוכן
R2-009,כושי בלאנטיס,/muzeh/kushi-blantis/,legacy/301,W1,אימות 301 ליעד סבב 1 (או שרשרת); לא עריכת תוכן
R2-010,צבע בכחול וזרוק לים,/muzeh/tsva-bechol-ve-zorek-layam/,legacy/301,W1,אימות 301 ליעד סבב 1 (או שרשרת); לא עריכת תוכן
R2-011,וכתבת,/muzeh/vekatavt/,legacy/301,W1,אימות 301 ליעד סבב 1 (או שרשרת); לא עריכת תוכן
R2-012,מוזה הוצאה לאור,/muzza/,legacy/301,W1,אימות 301 ליעד סבב 1 (או שרשרת); לא עריכת תוכן
R2-013,צבע בכחול וזרוק לים,/muzza/tsva-bechol-ve-zorek-layam/,legacy/301,W1,אימות 301 ליעד סבב 1 (או שרשרת); לא עריכת תוכן
R2-014,וכתבת,/muzza/vekatavt/,legacy/301,W1,אימות 301 ליעד סבב 1 (או שרשרת); לא עריכת תוכן
R2-015,עיתונות,/press/,עמוד,W5,העלאה כמו שחי / placeholder + סימון על העץ
R2-016,מדיניות פרטיות,/privacy/,עמוד,W4,מחקר משפטי → טיוטה → אייל מאשר
R2-017,שירותים,/services/,עמוד,W5,העלאה כמו שחי / placeholder + סימון על העץ
R2-018,שיעורי דיג'רידו / נגינה,/services/didgeridoo-lessons/,legacy/301,W1,אימות 301 ליעד סבב 1 (או שרשרת); לא עריכת תוכן
R2-019,טיפול בדיג'רידו / נשימה,/services/didgeridoo-treatment-breath/,legacy/301,W1,אימות 301 ליעד סבב 1 (או שרשרת); לא עריכת תוכן
R2-020,כלים בעבודת יד ואביזרים,/services/handmade-instruments/,legacy/301,W1,אימות 301 ליעד סבב 1 (או שרשרת); לא עריכת תוכן
R2-021,הופעות / מורשת מופע,/shows-heritage/,עמוד,W5,העלאה כמו שחי / placeholder + סימון על העץ
R2-022,תקנון,/terms/,עמוד,W4,מחקר משפטי → טיוטה → אייל מאשר
R2-023,תודה,/thank-you/,עמוד,W5,העלאה כמו שחי / placeholder + סימון על העץ
R2-024,כלים ואביזרים,/tools-and-accessories/,עמוד,W1,301 לשער חנות / כלים למכירה / תיקון דיג'רידו
R2-025,כלים בעבודת יד ואביזרים,/tools-and-accessories/instruments/,עמוד,W1,301 לשער חנות / כלים למכירה / תיקון דיג'רידו
R2-026,תיקון וחידוש כלים,/tools-and-accessories/repair/,עמוד,W1,301 לשער חנות / כלים למכירה / תיקון דיג'רידו
R2-027,"מופע ""ספיישל ברצלונה""! 29.12.16 תיאטרון הידית פרדס חנה / אייל עמית – תופעת יחיד – מופע סיפורים – spoken stories",/%d7%90%d7%99%d7%99%d7%9c-%d7%a2%d7%9e%d7%99%d7%aa-%d7%aa%d7%95%d7%a4%d7%a2%d7%aa-%d7%99%d7%97%d7%99%d7%93-%d7%9e%d7%95%d7%a4%d7%a2-%d7%a1%d7%99%d7%a4%d7%95%d7%a8%d7%99%d7%9d-spoken-stories-15/,פוסט,W3,"הצגה כמו שחי/ישן, בלי ניסוח"
R2-028,את הספר החדש שלי לא תמצאו ברשתות הספרים. למה?,/%d7%90%d7%aa-%d7%94%d7%a1%d7%a4%d7%a8-%d7%94%d7%97%d7%93%d7%a9-%d7%a9%d7%9c%d7%99-%d7%9c%d7%90-%d7%aa%d7%9e%d7%a6%d7%90%d7%95-%d7%91%d7%a8%d7%a9%d7%aa%d7%95%d7%aa-%d7%94%d7%a1%d7%a4%d7%a8%d7%99%d7%9d/,פוסט,W3,"הצגה כמו שחי/ישן, בלי ניסוח"
R2-029,ביקורות גולשים אודות: עכשיו!!!!! – מופע הסיפורים של אייל עמית – תופעת יחיד,/%d7%91%d7%99%d7%a7%d7%95%d7%a8%d7%95%d7%aa-%d7%92%d7%95%d7%9c%d7%a9%d7%99%d7%9d-%d7%90%d7%95%d7%93%d7%95%d7%aa-%d7%a2%d7%9b%d7%a9%d7%99%d7%95-%d7%9e%d7%95%d7%a4%d7%a2-%d7%94%d7%a1%d7%99%d7%a4/,פוסט,W3,"הצגה כמו שחי/ישן, בלי ניסוח"
R2-030,נשימה מעגלית – סטודיו דיג'רידו לנגינה ובנייה בפרדס חנה – אייל עמית. פוסט מ 2012,/%d7%93%d7%99%d7%92%d7%a8%d7%99%d7%93%d7%95-%d7%a4%d7%a8%d7%93%d7%a1-%d7%97%d7%a0%d7%94-%d7%a1%d7%98%d7%95%d7%93%d7%99%d7%95-%d7%9c%d7%91%d7%a0%d7%99%d7%99%d7%94-%d7%95%d7%a0%d7%92%d7%99%d7%a0/,פוסט,W3,"הצגה כמו שחי/ישן, בלי ניסוח"
R2-031,"דף פייסבוק חדש למופע + הזמנה לשני המופעים הקרובים בת""א ובפרדס חנה",/%d7%93%d7%a3-%d7%a4%d7%99%d7%99%d7%a1%d7%91%d7%95%d7%a7-%d7%97%d7%93%d7%a9-%d7%9c%d7%9e%d7%95%d7%a4%d7%a2-%d7%94%d7%96%d7%9e%d7%a0%d7%94-%d7%9c%d7%a9%d7%a0%d7%99-%d7%94%d7%9e%d7%95%d7%a4%d7%a2%d7%99/,פוסט,W3,"הצגה כמו שחי/ישן, בלי ניסוח"
R2-032,"הזמנה להשקת הספר החדש – ""וכתבתָ"" / אייל עמית 15.6.17 בפרדס חנה",/%d7%94%d7%96%d7%9e%d7%a0%d7%94-%d7%9c%d7%94%d7%a9%d7%a7%d7%aa-%d7%94%d7%a1%d7%a4%d7%a8-%d7%94%d7%97%d7%93%d7%a9-%d7%95%d7%9b%d7%aa%d7%91%d7%aa%d6%b8-%d7%90%d7%99%d7%99%d7%9c-%d7%a2%d7%9e/,פוסט,W3,"הצגה כמו שחי/ישן, בלי ניסוח"
R2-033,אקדח לתוך הראש,/%d7%94%d7%98%d7%95%d7%a8-%d7%a9%d7%9c-%d7%90%d7%99%d7%99%d7%9c-%d7%a2%d7%9e%d7%99%d7%aa-%d7%90%d7%99%d7%9a-%d7%94%d7%aa%d7%97%d7%9c%d7%aa%d7%99-%d7%9c%d7%9b%d7%aa%d7%95%d7%91-%d7%95%d7%9c%d7%a1%d7%a4/,פוסט,W3,"הצגה כמו שחי/ישן, בלי ניסוח"
R2-034,הספר החדש שלי יוצא לאור!!!! אשמח לתמיכתכם ב-הדסטארט!,/%d7%94%d7%98%d7%95%d7%a8-%d7%a9%d7%9c-%d7%90%d7%99%d7%99%d7%9c-%d7%a2%d7%9e%d7%99%d7%aa-%d7%94%d7%a1%d7%a4%d7%a8-%d7%94%d7%97%d7%93%d7%a9-%d7%a9%d7%9c%d7%99-%d7%96%d7%a7%d7%95%d7%a7-%d7%9c/,פוסט,W3,"הצגה כמו שחי/ישן, בלי ניסוח"
R2-035,(24) הטור של אייל עמית: ילד אסור ילד מותר,/%d7%94%d7%98%d7%95%d7%a8-%d7%a9%d7%9c-%d7%90%d7%99%d7%99%d7%9c-%d7%a2%d7%9e%d7%99%d7%aa-24-%d7%99%d7%9c%d7%93-%d7%90%d7%a1%d7%95%d7%a8-%d7%99%d7%9c%d7%93-%d7%9e%d7%95%d7%aa%d7%a8/,פוסט,W3,"הצגה כמו שחי/ישן, בלי ניסוח"
R2-036,וסיפרתָּ – מופע פרידה!!! 14.10.17 מועדון היוניקורן פרדס חנה | מופע הספוקן סטוריז של אייל עמית,/%d7%95%d7%a1%d7%99%d7%a4%d7%a8%d7%aa%d6%b8%d6%bc-%d7%9e%d7%95%d7%a4%d7%a2-%d7%94%d7%a1%d7%a4%d7%95%d7%a7%d7%9f-%d7%a1%d7%98%d7%95%d7%a8%d7%99%d7%96-%d7%a9%d7%9c-%d7%90%d7%99%d7%99%d7%9c-%d7%a2%d7%9e/,פוסט,W3,"הצגה כמו שחי/ישן, בלי ניסוח"
R2-037,טיפול בנשימה באמצעות דיג'רידו – ללמוד לנשום נכון ביומיום וגם בלילה,/%d7%98%d7%99%d7%a4%d7%95%d7%9c-%d7%91%d7%a0%d7%a9%d7%99%d7%9e%d7%94-%d7%91%d7%90%d7%9e%d7%a6%d7%a2%d7%95%d7%aa-%d7%93%d7%99%d7%92%d7%a8%d7%99%d7%93%d7%95-%d7%9c%d7%9c%d7%9e%d7%95%d7%93-%d7%9c/,פוסט,W3,"הצגה כמו שחי/ישן, בלי ניסוח"
R2-038,טיפול בפוסט טראומה לחייל משוחרר מגולני באמצעות נשימה בדיג'רידו – המרכז לטיפול בדיג'רידו / אייל עמית,/%d7%98%d7%99%d7%a4%d7%95%d7%9c-%d7%91%d7%a4%d7%95%d7%a1%d7%98-%d7%98%d7%a8%d7%90%d7%95%d7%9e%d7%94-%d7%9c%d7%97%d7%99%d7%99%d7%9c-%d7%9e%d7%a9%d7%95%d7%97%d7%a8%d7%a8-%d7%9e%d7%92%d7%95%d7%9c%d7%a0/,פוסט,W3,"הצגה כמו שחי/ישן, בלי ניסוח"
R2-039,שליחות חיי – כתבה אודות המרכז לטיפול בדיג'רידו פרדס חנה – אייל עמית,/%d7%9b%d7%aa%d7%91%d7%94-%d7%90%d7%95%d7%93%d7%95%d7%aa-%d7%90%d7%99%d7%99%d7%9c-%d7%a2%d7%9e%d7%99%d7%aa-%d7%9e%d7%95%d7%a8%d7%94-%d7%95%d7%9e%d7%98%d7%a4%d7%9c-%d7%91%d7%93%d7%99%d7%92%d7%a8%d7%99/,פוסט,W3,"הצגה כמו שחי/ישן, בלי ניסוח"
R2-040,"כתבה על ""תופעת יחיד"" ב- המקומון גבעתיים רמת גן, 22.10.15, מני פרסול",/%d7%9b%d7%aa%d7%91%d7%94-%d7%a2%d7%9c-%d7%aa%d7%95%d7%a4%d7%a2%d7%aa-%d7%99%d7%97%d7%99%d7%93-%d7%91-%d7%94%d7%9e%d7%a7%d7%95%d7%9e%d7%95%d7%9f-%d7%92%d7%91%d7%a2%d7%aa%d7%99%d7%99%d7%9d-%d7%a8/,פוסט,W3,"הצגה כמו שחי/ישן, בלי ניסוח"
R2-041,"שם חדש למופע הסיפורים: ""עכשיו!!!!!""  קבלו את שלושת הקליפים הרישמיים עם ה-""עכשווים"" שלכם!",/%d7%9c%d7%90-%d7%91%d7%a2%d7%95%d7%93-%d7%a8%d7%92%d7%a2-%d7%9c%d7%90-%d7%91%d7%a2%d7%95%d7%93-%d7%a9%d7%a0%d7%99%d7%99%d7%94-%d7%a2-%d7%9b-%d7%a9-%d7%99-%d7%95/,פוסט,W3,"הצגה כמו שחי/ישן, בלי ניסוח"
R2-042,מופע הסיפורים של אייל עמית / כתבה מאת רואי פרסול – מעריב תרבות 21.7.15,/%d7%9e%d7%95%d7%a4%d7%a2-%d7%94%d7%a1%d7%99%d7%a4%d7%95%d7%a8%d7%99%d7%9d-%d7%a9%d7%9c-%d7%90%d7%99%d7%99%d7%9c-%d7%a2%d7%9e%d7%99%d7%aa-%d7%9b%d7%aa%d7%91%d7%94-%d7%9e%d7%90%d7%aa-%d7%a8%d7%95/,פוסט,W3,"הצגה כמו שחי/ישן, בלי ניסוח"
R2-043,מופע הסיפורים של אייל עמית מגיע לתיאטרון הקאמרי!,/%d7%9e%d7%95%d7%a4%d7%a2-%d7%94%d7%a1%d7%99%d7%a4%d7%95%d7%a8%d7%99%d7%9d-%d7%a9%d7%9c-%d7%90%d7%99%d7%99%d7%9c-%d7%a2%d7%9e%d7%99%d7%aa-%d7%a9%d7%99%d7%a9%d7%99-23-10-15-%d7%91%d7%aa%d7%99%d7%90/,פוסט,W3,"הצגה כמו שחי/ישן, בלי ניסוח"
R2-044,מוקש דהימן – מאסטר דיג'רידו – ציור מקורי חדש במרכז לטיפול בדיג'רידו (שמן על קנבס),/%d7%9e%d7%95%d7%a7%d7%a9-%d7%93%d7%94%d7%99%d7%9e%d7%9f-%d7%9e%d7%90%d7%a1%d7%98%d7%a8-%d7%93%d7%99%d7%92%d7%a8%d7%99%d7%93%d7%95-%d7%a6%d7%99%d7%95%d7%a8-%d7%9e%d7%a7%d7%95%d7%a8%d7%99-%d7%97/,פוסט,W3,"הצגה כמו שחי/ישן, בלי ניסוח"
R2-045,"פוסט תודה למורי, לתלמידי, למטופלי, ויותר מכל לתסריטאי המופרע שיושב לו שם למעלה",/%d7%9e%d7%95%d7%a8%d7%94-%d7%9c%d7%93%d7%99%d7%92%d7%a8%d7%99%d7%93%d7%95-%d7%9e%d7%95%d7%93%d7%94-%d7%9c%d7%9e%d7%95%d7%a8%d7%99%d7%95-%d7%aa%d7%9c%d7%9e%d7%99%d7%93%d7%99%d7%95-%d7%95%d7%9e%d7%98/,פוסט,W3,"הצגה כמו שחי/ישן, בלי ניסוח"
R2-046,האם לנשים מותר לנגן בדיג'רידו? פוסט מיוחד לסילוק דעות קדומות והחשש מעקרות,/%d7%a0%d7%a9%d7%99%d7%9d-%d7%9e%d7%a0%d7%92%d7%a0%d7%95%d7%aa-%d7%91%d7%93%d7%99%d7%92%d7%a8%d7%99%d7%93%d7%95-%d7%90%d7%99%d7%a9%d7%94-%d7%9e%d7%a0%d7%92%d7%a0%d7%aa-%d7%91%d7%93%d7%99%d7%92/,פוסט,W3,"הצגה כמו שחי/ישן, בלי ניסוח"
R2-047,נגינה ונשימה מעגלית בדיג'רידו – ריפוי הנשימה והנשמה,/%d7%a0%d7%a9%d7%99%d7%9e%d7%94-%d7%9e%d7%a2%d7%92%d7%9c%d7%99%d7%aa-%d7%91%d7%93%d7%99%d7%92%d7%a8%d7%99%d7%93%d7%95-%d7%98%d7%99%d7%a4%d7%95%d7%9c-%d7%a8%d7%99%d7%a4%d7%95%d7%99-%d7%a2%d7%a6/,פוסט,W3,"הצגה כמו שחי/ישן, בלי ניסוח"
R2-048,סדנת דיג'רידו קבוצתית מקיפה וייחודית לנשימה מעגלית בדיג'רידו (רמת מתחילים),/%d7%a1%d7%93%d7%a0%d7%aa-%d7%93%d7%99%d7%92%d7%a8%d7%99%d7%93%d7%95-%d7%a7%d7%91%d7%95%d7%a6%d7%aa%d7%99%d7%aa-%d7%9e%d7%a7%d7%99%d7%a4%d7%94-%d7%95%d7%99%d7%99%d7%97%d7%95%d7%93%d7%99%d7%aa-%d7%9c/,פוסט,W3,"הצגה כמו שחי/ישן, בלי ניסוח"
R2-049,"הזמנה לסדרת מפגשים אינטימיים חדשה! ""סיפורים מהנייר"" עם אייל עמית",/%d7%a1%d7%99%d7%a4%d7%95%d7%a8%d7%99%d7%9d-%d7%9e%d7%94%d7%a0%d7%99%d7%99%d7%a8-%d7%a2%d7%9d-%d7%90%d7%99%d7%99%d7%9c-%d7%a2%d7%9e%d7%99%d7%aa/,פוסט,W3,"הצגה כמו שחי/ישן, בלי ניסוח"
R2-050,"סרטים מהחיים – מופע הסיפורים של אייל עמית: שני תאריכים קרובים: 5.4.14 תיאטרון הידית פרדס חנה, 10.4.14 צוותא2 ת""א.",/%d7%a1%d7%a8%d7%98%d7%99%d7%9d-%d7%9e%d7%94%d7%97%d7%99%d7%99%d7%9d-%d7%9e%d7%95%d7%a4%d7%a2-%d7%94%d7%a1%d7%99%d7%a4%d7%95%d7%a8%d7%99%d7%9d-%d7%a9%d7%9c-%d7%90%d7%99%d7%99%d7%9c-%d7%a2%d7%9e%d7%99/,פוסט,W3,"הצגה כמו שחי/ישן, בלי ניסוח"
R2-051,עוד רגע מחייו של מורה לנשימה נכונה ומלווה תהליכי ריפוי באמצעות דיג'רידו,/%d7%a2%d7%95%d7%93-%d7%a8%d7%92%d7%a2-%d7%9e%d7%97%d7%99%d7%99%d7%95-%d7%a9%d7%9c-%d7%9e%d7%95%d7%a8%d7%94-%d7%9c%d7%93%d7%99%d7%92%d7%a8%d7%99%d7%93%d7%95/,פוסט,W3,"הצגה כמו שחי/ישן, בלי ניסוח"
R2-052,"""פרדס חפלה"" – הסיפור החדש במופע הקרוב 13.9.14 בפרדס חנה",/%d7%a2%d7%9b%d7%a9%d7%99%d7%95-%d7%94%d7%95%d7%a4%d7%a2%d7%94-%d7%91%d7%9e%d7%95%d7%a6%d7%a9-%d7%94%d7%a7%d7%a8%d7%95%d7%91-13-9-14-%d7%91%d7%a4%d7%a8%d7%93%d7%a1-%d7%97%d7%a0%d7%94/,פוסט,W3,"הצגה כמו שחי/ישן, בלי ניסוח"
R2-053,"שמרו התאריכים! תופעת יחיד: 11/11/16 פסטיבל נאטראז', 22/12/16 בית ציוני אמריקה, 29/12/16 תיאטרון הידית",/%d7%a2%d7%9b%d7%a9%d7%99%d7%95-%d7%9e%d7%95%d7%a4%d7%a2-%d7%94%d7%a1%d7%99%d7%a4%d7%95%d7%a8%d7%99%d7%9d-%d7%a9%d7%9c-%d7%90%d7%99%d7%99%d7%9c-%d7%a2%d7%9e%d7%99%d7%aa-%d7%aa%d7%95%d7%a4%d7%a2/,פוסט,W3,"הצגה כמו שחי/ישן, בלי ניסוח"
R2-054,עכשיו!!!! מופע הסיפורים של אייל עמית – 15.11.14 בתיאטרון הידית פרדס חנה,/%d7%a2%d7%9b%d7%a9%d7%99%d7%95-%d7%9e%d7%95%d7%a4%d7%a2-%d7%94%d7%a1%d7%99%d7%a4%d7%95%d7%a8%d7%99%d7%9d-%d7%a9%d7%9c-%d7%90%d7%99%d7%99%d7%9c-%d7%a2%d7%9e%d7%99%d7%aa-15-11-14-%d7%91%d7%aa/,פוסט,W3,"הצגה כמו שחי/ישן, בלי ניסוח"
R2-055,הופעת בכורה בתל אביב!!! 3/12/13  'סרטים מהחיים' – מופע הסיפורים של אייל עמית,/%d7%a2%d7%9e%d7%99%d7%aa-%d7%91%d7%99%d6%b8%d7%93%d6%b4%d7%99%d7%aa-%d7%9e%d7%95%d7%a4%d7%a2-%d7%94%d7%a1%d7%99%d7%a4%d7%95%d7%a8%d7%99%d7%9d-%d7%a9%d7%9c-%d7%90%d7%99%d7%99%d7%9c-%d7%a2%d7%9e%d7%99/,פוסט,W3,"הצגה כמו שחי/ישן, בלי ניסוח"
R2-056,"צלילים מרפאים, תדרים מרפאים, סאונד הילינג דיג'רידו – אייל עמית",/%d7%a4%d7%95%d7%93%d7%a7%d7%90%d7%a1%d7%98-%d7%93%d7%99%d7%92%d7%a8%d7%99%d7%93%d7%95-%d7%95-%d7%a0%d7%a9%d7%99%d7%9e%d7%94-%d7%90%d7%99%d7%99%d7%9c-%d7%a2%d7%9e%d7%99%d7%aa-2/,פוסט,W3,"הצגה כמו שחי/ישן, בלי ניסוח"
R2-057,"ראיון מלא (90 דקות) בפודקאסט של נווית צוף שטראוס בנושא הנשימה, דיג'רידו והעשייה הייחודית שלי במרכז לטיפול בנשימה באמצעות דיג'רידו",/%d7%a4%d7%95%d7%93%d7%a7%d7%90%d7%a1%d7%98-%d7%93%d7%99%d7%92%d7%a8%d7%99%d7%93%d7%95-%d7%95-%d7%a0%d7%a9%d7%99%d7%9e%d7%94-%d7%90%d7%99%d7%99%d7%9c-%d7%a2%d7%9e%d7%99%d7%aa/,פוסט,W3,"הצגה כמו שחי/ישן, בלי ניסוח"
R2-058,"הכל אודות ריברסינג, נשימה מעגלית ו- דיג'רידו. האם נשימה מעגלית בדיג'רידו היא אותה נשימה מעגלית משיטת הטיפול ריברסינג? התשובה היא לא. הנה ההסבר המלא:",/%d7%a8%d7%99%d7%91%d7%a8%d7%a1%d7%99%d7%a0%d7%92-%d7%a0%d7%a9%d7%99%d7%9e%d7%94-%d7%9e%d7%a2%d7%92%d7%9c%d7%99%d7%aa-%d7%93%d7%99%d7%92%d7%a8%d7%99%d7%93%d7%95/,פוסט,W3,"הצגה כמו שחי/ישן, בלי ניסוח"
R2-059,"""שנה לחוק הספרים: צניחה של 35% במכירות של ספרים חדשים – ועלייה חדה במחירים"" | צרכנות דה-מרקר",/%d7%a9%d7%a0%d7%94-%d7%9c%d7%97%d7%95%d7%a7-%d7%94%d7%a1%d7%a4%d7%a8%d7%99%d7%9d-%d7%a6%d7%a0%d7%99%d7%97%d7%94-%d7%a9%d7%9c-35-%d7%91%d7%9e%d7%9b%d7%99%d7%a8%d7%95%d7%aa-%d7%a9%d7%9c-%d7%a1%d7%a4/,פוסט,W3,"הצגה כמו שחי/ישן, בלי ניסוח"
R2-060,"מה חושבים על המופע ""תופעת יחיד"" של אייל עמית: אלון נוימן, שי אביבי, מיכל ליבדינסקי, אברהם טל, ערן שטרן ועוד..",/%d7%a9%d7%a0%d7%99-%d7%aa%d7%90%d7%a8%d7%99%d7%9b%d7%99%d7%9d-%d7%a7%d7%a8%d7%95%d7%91%d7%99%d7%9d-%d7%9c%d7%9e%d7%95%d7%a4%d7%a2-%d7%94%d7%a1%d7%99%d7%a4%d7%95%d7%a8%d7%99%d7%9d-%d7%a9%d7%9c-%d7%90/,פוסט,W3,"הצגה כמו שחי/ישן, בלי ניסוח"
R2-061,תלמידים ומטופלים ממליצים על המרכז לטיפול בדיג'רידו – אייל עמית,/%d7%aa%d7%9c%d7%9e%d7%99%d7%93%d7%99%d7%9d-%d7%95%d7%9e%d7%98%d7%95%d7%a4%d7%9c%d7%99%d7%9d-%d7%9e%d7%9e%d7%9c%d7%99%d7%a6%d7%99%d7%9d-%d7%a2%d7%9c-%d7%94%d7%9e%d7%a8%d7%9b%d7%96-%d7%9c%d7%98%d7%99/,פוסט,W3,"הצגה כמו שחי/ישן, בלי ניסוח"
R2-062,100% !!!!!!! 100%  !!!!!!!! 100%  !!!!!!!!  תודה  !!!!!!!!!,/100-100-100-%d7%aa%d7%95%d7%93%d7%94/,פוסט,W3,"הצגה כמו שחי/ישן, בלי ניסוח"
R2-063,(18) הטור של אייל עמית: מסך הברזל,/18-%d7%94%d7%98%d7%95%d7%a8-%d7%a9%d7%9c-%d7%90%d7%99%d7%99%d7%9c-%d7%a2%d7%9e%d7%99%d7%aa-%d7%9e%d7%a1%d7%9a-%d7%94%d7%91%d7%a8%d7%96%d7%9c/,פוסט,W3,"הצגה כמו שחי/ישן, בלי ניסוח"
R2-064,2.8 תופעת יחיד בצוותא – 50% מהמקומות באולם חינם לתושבי הדרום!,/2-8-%d7%9e%d7%95%d7%a4%d7%a2-%d7%91%d7%a6%d7%95%d7%95%d7%aa%d7%90-20-%d7%9e%d7%94%d7%9e%d7%a7%d7%95%d7%9e%d7%95%d7%aa-%d7%91%d7%90%d7%95%d7%9c%d7%9d-%d7%97%d7%99%d7%a0%d7%9d-%d7%9c%d7%aa%d7%95%d7%a9/,פוסט,W3,"הצגה כמו שחי/ישן, בלי ניסוח"
R2-065,מופע הסיפורים של אייל עמית – תופעת יחיד | כתבה מאת שי מרקוביץ / ידיעות השרון,/2228-2/,פוסט,W3,"הצגה כמו שחי/ישן, בלי ניסוח"
R2-066,(23) הטור של אייל עמית: לציית או לחשוב,/23-%d7%94%d7%98%d7%95%d7%a8-%d7%a9%d7%9c-%d7%90%d7%99%d7%99%d7%9c-%d7%a2%d7%9e%d7%99%d7%aa-%d7%9c%d7%a6%d7%99%d7%99%d7%aa-%d7%90%d7%95-%d7%9c%d7%97%d7%a9%d7%95%d7%91/,פוסט,W3,"הצגה כמו שחי/ישן, בלי ניסוח"
R2-067,(27) הטור של אייל עמית: חכמת הפרצוף,/27-%d7%94%d7%98%d7%95%d7%a8-%d7%a9%d7%9c-%d7%90%d7%99%d7%99%d7%9c-%d7%a2%d7%9e%d7%99%d7%aa-%d7%97%d7%9b%d7%9e%d7%aa-%d7%94%d7%a4%d7%a8%d7%a6%d7%95%d7%a3/,פוסט,W3,"הצגה כמו שחי/ישן, בלי ניסוח"
R2-068,(29) הטור של אייל עמית: רייב שבוע הספר,/29-%d7%94%d7%98%d7%95%d7%a8-%d7%a9%d7%9c-%d7%90%d7%99%d7%99%d7%9c-%d7%a2%d7%9e%d7%99%d7%aa-%d7%a8%d7%99%d7%99%d7%91-%d7%a9%d7%91%d7%95%d7%a2-%d7%94%d7%a1%d7%a4%d7%a8/,פוסט,W3,"הצגה כמו שחי/ישן, בלי ניסוח"
R2-069,(32) הטור של אייל עמית: אם אין אני לי – מי לי,/32-%d7%94%d7%98%d7%95%d7%a8-%d7%a9%d7%9c-%d7%90%d7%99%d7%99%d7%9c-%d7%a2%d7%9e%d7%99%d7%aa-%d7%90%d7%9d-%d7%90%d7%99%d7%9f-%d7%90%d7%a0%d7%99-%d7%9c%d7%99-%d7%9e%d7%99-%d7%9c%d7%99/,פוסט,W3,"הצגה כמו שחי/ישן, בלי ניסוח"
R2-070,(34) הטור של אייל עמית: הלב,/34-%d7%94%d7%98%d7%95%d7%a8-%d7%a9%d7%9c-%d7%90%d7%99%d7%99%d7%9c-%d7%a2%d7%9e%d7%99%d7%aa-%d7%94%d7%9c%d7%91/,פוסט,W3,"הצגה כמו שחי/ישן, בלי ניסוח"
R2-071,(36) הטור של אייל עמית: שיטת השקשוקה,/36-%d7%94%d7%98%d7%95%d7%a8-%d7%a9%d7%9c-%d7%90%d7%99%d7%99%d7%9c-%d7%a2%d7%9e%d7%99%d7%aa-%d7%a9%d7%99%d7%98%d7%aa-%d7%94%d7%a9%d7%a7%d7%a9%d7%95%d7%a7%d7%94/,פוסט,W3,"הצגה כמו שחי/ישן, בלי ניסוח"
R2-072,(40) הטור של אייל עמית: פרסומת אחת וחזרנו,/40-%d7%94%d7%98%d7%95%d7%a8-%d7%a9%d7%9c-%d7%90%d7%99%d7%99%d7%9c-%d7%a2%d7%9e%d7%99%d7%aa-%d7%a4%d7%a8%d7%a1%d7%95%d7%9e%d7%aa-%d7%90%d7%97%d7%aa-%d7%95%d7%97%d7%96%d7%a8%d7%a0%d7%95/,פוסט,W3,"הצגה כמו שחי/ישן, בלי ניסוח"
R2-073,(41) הטור של אייל עמית: חארטה בארטה,/41-%d7%94%d7%98%d7%95%d7%a8-%d7%a9%d7%9c-%d7%90%d7%99%d7%99%d7%9c-%d7%a2%d7%9e%d7%99%d7%aa-%d7%97%d7%90%d7%a8%d7%98%d7%94-%d7%91%d7%90%d7%a8%d7%98%d7%94/,פוסט,W3,"הצגה כמו שחי/ישן, בלי ניסוח"
R2-074,(42) הטור של אייל עמית: אחד בספטמבר,/42-%d7%94%d7%98%d7%95%d7%a8-%d7%a9%d7%9c-%d7%90%d7%99%d7%99%d7%9c-%d7%a2%d7%9e%d7%99%d7%aa-%d7%90%d7%97%d7%93-%d7%91%d7%a1%d7%a4%d7%98%d7%9e%d7%91%d7%a8/,פוסט,W3,"הצגה כמו שחי/ישן, בלי ניסוח"
R2-075,(43) הטור של אייל עמית: אדון סליחות,/43-%d7%94%d7%98%d7%95%d7%a8-%d7%a9%d7%9c-%d7%90%d7%99%d7%99%d7%9c-%d7%a2%d7%9e%d7%99%d7%aa-%d7%90%d7%93%d7%95%d7%9f-%d7%a1%d7%9c%d7%99%d7%97%d7%95%d7%aa/,פוסט,W3,"הצגה כמו שחי/ישן, בלי ניסוח"
R2-076,(45) הטור של אייל עמית: פרופורציות,/45-%d7%94%d7%98%d7%95%d7%a8-%d7%a9%d7%9c-%d7%90%d7%99%d7%99%d7%9c-%d7%a2%d7%9e%d7%99%d7%aa-%d7%a4%d7%a8%d7%95%d7%a4%d7%95%d7%a8%d7%a6%d7%99%d7%95%d7%aa/,פוסט,W3,"הצגה כמו שחי/ישן, בלי ניסוח"
R2-077,זמן חלום (וידאו בלוג) – השקת הספר 'כושי בלאנטיס' גג מסעדת הטאלי 24 רופי | אוגוסט 2004,/47-%d7%94%d7%98%d7%95%d7%a8-%d7%a9%d7%9c-%d7%90%d7%99%d7%99%d7%9c-%d7%a2%d7%9e%d7%99%d7%aa-%d7%96%d7%9e%d7%9f-%d7%97%d7%9c%d7%95%d7%9d/,פוסט,W3,"הצגה כמו שחי/ישן, בלי ניסוח"
R2-078,(49) הטור של אייל עמית: קומיק רליף,/49-%d7%94%d7%98%d7%95%d7%a8-%d7%a9%d7%9c-%d7%90%d7%99%d7%99%d7%9c-%d7%a2%d7%9e%d7%99%d7%aa-%d7%a7%d7%95%d7%9e%d7%99%d7%a7-%d7%a8%d7%9c%d7%99%d7%a3/,פוסט,W3,"הצגה כמו שחי/ישן, בלי ניסוח"
R2-079,(51) הטור של אייל עמית: אקסטרים זה נעים!,/51-%d7%94%d7%98%d7%95%d7%a8-%d7%a9%d7%9c-%d7%90%d7%99%d7%99%d7%9c-%d7%a2%d7%9e%d7%99%d7%aa-%d7%90%d7%a7%d7%a1%d7%98%d7%a8%d7%99%d7%9d-%d7%96%d7%94-%d7%a0%d7%a2%d7%99%d7%9d/,פוסט,W3,"הצגה כמו שחי/ישן, בלי ניסוח"
R2-080,"פרוייקט ""מטיילים מצטלמים"" עם הספרים של מוזה הוצאה לאור",/60-%d7%94%d7%98%d7%95%d7%a8-%d7%a9%d7%9c-%d7%90%d7%99%d7%99%d7%9c-%d7%a2%d7%9e%d7%99%d7%aa-%d7%90%d7%99%d7%99-%d7%90%d7%9d-%d7%91%d7%a7/,פוסט,W3,"הצגה כמו שחי/ישן, בלי ניסוח"
R2-081,QR,/qr/,QR,W2,"העתקה מהאתר הישן, כתובת מודפסת, בלי ניסוח"
R2-082,והקדמת – qr1,/qr/qr1/,QR,W2,"העתקה מהאתר הישן, כתובת מודפסת, בלי ניסוח"
R2-083,qr10 – וואט איז דאט?,/qr/qr10/,QR,W2,"העתקה מהאתר הישן, כתובת מודפסת, בלי ניסוח"
R2-084,qr11 – חורשט זבזי,/qr/qr11/,QR,W2,"העתקה מהאתר הישן, כתובת מודפסת, בלי ניסוח"
R2-085,qr12 – אינדיאנה ג'ונס והמכרה הארור,/qr/qr12/,QR,W2,"העתקה מהאתר הישן, כתובת מודפסת, בלי ניסוח"
R2-086,qr13 – ואהבתָ,/qr/qr13/,QR,W2,"העתקה מהאתר הישן, כתובת מודפסת, בלי ניסוח"
R2-087,qr14 – גורילות בערפל האמזונס,/qr/qr14/,QR,W2,"העתקה מהאתר הישן, כתובת מודפסת, בלי ניסוח"
R2-088,qr15 – היקיקומורי,/qr/qr15/,QR,W2,"העתקה מהאתר הישן, כתובת מודפסת, בלי ניסוח"
R2-089,qr16 – דם על הידיים,/qr/qr16/,QR,W2,"העתקה מהאתר הישן, כתובת מודפסת, בלי ניסוח"
R2-090,qr17 – יוגי לודג',/qr/qr17/,QR,W2,"העתקה מהאתר הישן, כתובת מודפסת, בלי ניסוח"
R2-091,qr18 – אחד לשלושה טריליון,/qr/qr18/,QR,W2,"העתקה מהאתר הישן, כתובת מודפסת, בלי ניסוח"
R2-092,qr19 – הפיצה הכי טעימה שאכלתי בחיים,/qr/qr19/,QR,W2,"העתקה מהאתר הישן, כתובת מודפסת, בלי ניסוח"
R2-093,qr2 – אקדח לתוך הראש,/qr/qr2/,QR,W2,"העתקה מהאתר הישן, כתובת מודפסת, בלי ניסוח"
R2-094,"qr20 – אבא, אני רעב",/qr/qr20/,QR,W2,"העתקה מהאתר הישן, כתובת מודפסת, בלי ניסוח"
R2-095,qr21 – ג'סי ראם!,/qr/qr21/,QR,W2,"העתקה מהאתר הישן, כתובת מודפסת, בלי ניסוח"
R2-096,qr22 – בולט אנט,/qr/qr22/,QR,W2,"העתקה מהאתר הישן, כתובת מודפסת, בלי ניסוח"
R2-097,qr23 – יום כן יום לא,/qr/qr23/,QR,W2,"העתקה מהאתר הישן, כתובת מודפסת, בלי ניסוח"
R2-098,qr24 – קוֹל פּוּט שוֹרט סטופ!,/qr/qr24/,QR,W2,"העתקה מהאתר הישן, כתובת מודפסת, בלי ניסוח"
R2-099,qr25 – גרין ווש,/qr/qr25/,QR,W2,"העתקה מהאתר הישן, כתובת מודפסת, בלי ניסוח"
R2-100,qr26 – כורסת הציפורניים,/qr/qr26/,QR,W2,"העתקה מהאתר הישן, כתובת מודפסת, בלי ניסוח"
R2-101,qr27 – אמסטרדם,/qr/qr27/,QR,W2,"העתקה מהאתר הישן, כתובת מודפסת, בלי ניסוח"
R2-102,qr28 – נזכור ולא נשכח,/qr/qr28/,QR,W2,"העתקה מהאתר הישן, כתובת מודפסת, בלי ניסוח"
R2-103,qr29 – לעבור דירה,/qr/qr29/,QR,W2,"העתקה מהאתר הישן, כתובת מודפסת, בלי ניסוח"
R2-104,qr3 – האלמנה השחורה,/qr/qr3/,QR,W2,"העתקה מהאתר הישן, כתובת מודפסת, בלי ניסוח"
R2-105,qr30 – פרדס חפלה,/qr/qr30/,QR,W2,"העתקה מהאתר הישן, כתובת מודפסת, בלי ניסוח"
R2-106,qr31 – פיפי במעלית,/qr/qr31/,QR,W2,"העתקה מהאתר הישן, כתובת מודפסת, בלי ניסוח"
R2-107,qr32 – נשימה מעגלית,/qr/qr32/,QR,W2,"העתקה מהאתר הישן, כתובת מודפסת, בלי ניסוח"
R2-108,"qr33 – תאכלו ביצים, תהיו טייסים",/qr/qr33/,QR,W2,"העתקה מהאתר הישן, כתובת מודפסת, בלי ניסוח"
R2-109,qr34 – תקום,/qr/qr34/,QR,W2,"העתקה מהאתר הישן, כתובת מודפסת, בלי ניסוח"
R2-110,qr35 – הגבר החדש,/qr/qr35/,QR,W2,"העתקה מהאתר הישן, כתובת מודפסת, בלי ניסוח"
R2-111,qr36 – חוני המעגל,/qr/qr36/,QR,W2,"העתקה מהאתר הישן, כתובת מודפסת, בלי ניסוח"
R2-112,qr37 – דרך השלום,/qr/qr37/,QR,W2,"העתקה מהאתר הישן, כתובת מודפסת, בלי ניסוח"
R2-113,qr38 – הבטחות או לא להיות,/qr/qr38/,QR,W2,"העתקה מהאתר הישן, כתובת מודפסת, בלי ניסוח"
R2-114,qr39 – תחשוב חיובי,/qr/qr39/,QR,W2,"העתקה מהאתר הישן, כתובת מודפסת, בלי ניסוח"
R2-115,qr4 – בום-בום-בום על דלתי מרום,/qr/qr4/,QR,W2,"העתקה מהאתר הישן, כתובת מודפסת, בלי ניסוח"
R2-116,qr40 – אבנים חמות,/qr/qr40/,QR,W2,"העתקה מהאתר הישן, כתובת מודפסת, בלי ניסוח"
R2-117,qr41 – לופ בטעם תות לימון,/qr/qr41/,QR,W2,"העתקה מהאתר הישן, כתובת מודפסת, בלי ניסוח"
R2-118,qr42 – הבטחות אחים,/qr/qr42/,QR,W2,"העתקה מהאתר הישן, כתובת מודפסת, בלי ניסוח"
R2-119,qr43 – עכשיו!!!,/qr/qr43/,QR,W2,"העתקה מהאתר הישן, כתובת מודפסת, בלי ניסוח"
R2-120,qr44 – כולנו פרעושים,/qr/qr44/,QR,W2,"העתקה מהאתר הישן, כתובת מודפסת, בלי ניסוח"
R2-121,qr45 – צום מיצים,/qr/qr45/,QR,W2,"העתקה מהאתר הישן, כתובת מודפסת, בלי ניסוח"
R2-122,qr46  – האומץ לאהוב את הפחד,/qr/qr46/,QR,W2,"העתקה מהאתר הישן, כתובת מודפסת, בלי ניסוח"
R2-123,qr47  – טיפול זוגי,/qr/qr47/,QR,W2,"העתקה מהאתר הישן, כתובת מודפסת, בלי ניסוח"
R2-124,qr48 -וסיימת,/qr/qr48/,QR,W2,"העתקה מהאתר הישן, כתובת מודפסת, בלי ניסוח"
R2-125,qr5 – אלכסון הוא אסון,/qr/qr5/,QR,W2,"העתקה מהאתר הישן, כתובת מודפסת, בלי ניסוח"
R2-126,qr6 – ספיבאק,/qr/qr6/,QR,W2,"העתקה מהאתר הישן, כתובת מודפסת, בלי ניסוח"
R2-127,qr7 – אחד לשלושה,/qr/qr7/,QR,W2,"העתקה מהאתר הישן, כתובת מודפסת, בלי ניסוח"
R2-128,qr8 – סופה במדבר,/qr/qr8/,QR,W2,"העתקה מהאתר הישן, כתובת מודפסת, בלי ניסוח"
R2-129,qr9 – טיפול שורש,/qr/qr9/,QR,W2,"העתקה מהאתר הישן, כתובת מודפסת, בלי ניסוח"
