id	path	head	get	bytes	location	article	ea_post_content	content_ok
R2-027	/%d7%90%d7%99%d7%99%d7%9c-%d7%a2%d7%9e%d7%99%d7%aa-%d7%aa%d7%95%d7%a4%d7%a2%d7%aa-%d7%99%d7%97%d7%99%d7%93-%d7%9e%d7%95%d7%a4%d7%a2-%d7%a1%d7%99%d7%a4%d7%95%d7%a8%d7%99%d7%9d-spoken-stories-15/	200	200	68235	—	True	True	True
R2-028	/%d7%90%d7%aa-%d7%94%d7%a1%d7%a4%d7%a8-%d7%94%d7%97%d7%93%d7%a9-%d7%a9%d7%9c%d7%99-%d7%9c%d7%90-%d7%aa%d7%9e%d7%a6%d7%90%d7%95-%d7%91%d7%a8%d7%a9%d7%aa%d7%95%d7%aa-%d7%94%d7%a1%d7%a4%d7%a8%d7%99%d7%9d/	200	200	65764	—	True	True	True
R2-029	/%d7%91%d7%99%d7%a7%d7%95%d7%a8%d7%95%d7%aa-%d7%92%d7%95%d7%9c%d7%a9%d7%99%d7%9d-%d7%90%d7%95%d7%93%d7%95%d7%aa-%d7%a2%d7%9b%d7%a9%d7%99%d7%95-%d7%9e%d7%95%d7%a4%d7%a2-%d7%94%d7%a1%d7%99%d7%a4/	200	200	129532	—	True	True	True
R2-030	/%d7%93%d7%99%d7%92%d7%a8%d7%99%d7%93%d7%95-%d7%a4%d7%a8%d7%93%d7%a1-%d7%97%d7%a0%d7%94-%d7%a1%d7%98%d7%95%d7%93%d7%99%d7%95-%d7%9c%d7%91%d7%a0%d7%99%d7%99%d7%94-%d7%95%d7%a0%d7%92%d7%99%d7%a0/	200	200	85569	—	True	True	True
R2-031	/%d7%93%d7%a3-%d7%a4%d7%99%d7%99%d7%a1%d7%91%d7%95%d7%a7-%d7%97%d7%93%d7%a9-%d7%9c%d7%9e%d7%95%d7%a4%d7%a2-%d7%94%d7%96%d7%9e%d7%a0%d7%94-%d7%9c%d7%a9%d7%a0%d7%99-%d7%94%d7%9e%d7%95%d7%a4%d7%a2%d7%99/	200	200	69438	—	True	True	True
R2-032	/%d7%94%d7%96%d7%9e%d7%a0%d7%94-%d7%9c%d7%94%d7%a9%d7%a7%d7%aa-%d7%94%d7%a1%d7%a4%d7%a8-%d7%94%d7%97%d7%93%d7%a9-%d7%95%d7%9b%d7%aa%d7%91%d7%aa%d6%b8-%d7%90%d7%99%d7%99%d7%9c-%d7%a2%d7%9e/	200	200	65189	—	True	True	True
R2-033	/%d7%94%d7%98%d7%95%d7%a8-%d7%a9%d7%9c-%d7%90%d7%99%d7%99%d7%9c-%d7%a2%d7%9e%d7%99%d7%aa-%d7%90%d7%99%d7%9a-%d7%94%d7%aa%d7%97%d7%9c%d7%aa%d7%99-%d7%9c%d7%9b%d7%aa%d7%95%d7%91-%d7%95%d7%9c%d7%a1%d7%a4/	200	200	69459	—	True	True	True
R2-034	/%d7%94%d7%98%d7%95%d7%a8-%d7%a9%d7%9c-%d7%90%d7%99%d7%99%d7%9c-%d7%a2%d7%9e%d7%99%d7%aa-%d7%94%d7%a1%d7%a4%d7%a8-%d7%94%d7%97%d7%93%d7%a9-%d7%a9%d7%9c%d7%99-%d7%96%d7%a7%d7%95%d7%a7-%d7%9c/	200	200	66962	—	True	True	True
R2-035	/%d7%94%d7%98%d7%95%d7%a8-%d7%a9%d7%9c-%d7%90%d7%99%d7%99%d7%9c-%d7%a2%d7%9e%d7%99%d7%aa-24-%d7%99%d7%9c%d7%93-%d7%90%d7%a1%d7%95%d7%a8-%d7%99%d7%9c%d7%93-%d7%9e%d7%95%d7%aa%d7%a8/	200	200	66665	—	True	True	True
R2-036	/%d7%95%d7%a1%d7%99%d7%a4%d7%a8%d7%aa%d6%b8%d6%bc-%d7%9e%d7%95%d7%a4%d7%a2-%d7%94%d7%a1%d7%a4%d7%95%d7%a7%d7%9f-%d7%a1%d7%98%d7%95%d7%a8%d7%99%d7%96-%d7%a9%d7%9c-%d7%90%d7%99%d7%99%d7%9c-%d7%a2%d7%9e/	200	200	67835	—	True	True	True
R2-037	/%d7%98%d7%99%d7%a4%d7%95%d7%9c-%d7%91%d7%a0%d7%a9%d7%99%d7%9e%d7%94-%d7%91%d7%90%d7%9e%d7%a6%d7%a2%d7%95%d7%aa-%d7%93%d7%99%d7%92%d7%a8%d7%99%d7%93%d7%95-%d7%9c%d7%9c%d7%9e%d7%95%d7%93-%d7%9c/	200	200	68497	—	True	True	True
R2-038	/%d7%98%d7%99%d7%a4%d7%95%d7%9c-%d7%91%d7%a4%d7%95%d7%a1%d7%98-%d7%98%d7%a8%d7%90%d7%95%d7%9e%d7%94-%d7%9c%d7%97%d7%99%d7%99%d7%9c-%d7%9e%d7%a9%d7%95%d7%97%d7%a8%d7%a8-%d7%9e%d7%92%d7%95%d7%9c%d7%a0/	200	200	69883	—	True	True	True
R2-039	/%d7%9b%d7%aa%d7%91%d7%94-%d7%90%d7%95%d7%93%d7%95%d7%aa-%d7%90%d7%99%d7%99%d7%9c-%d7%a2%d7%9e%d7%99%d7%aa-%d7%9e%d7%95%d7%a8%d7%94-%d7%95%d7%9e%d7%98%d7%a4%d7%9c-%d7%91%d7%93%d7%99%d7%92%d7%a8%d7%99/	200	200	76747	—	True	True	True
R2-040	/%d7%9b%d7%aa%d7%91%d7%94-%d7%a2%d7%9c-%d7%aa%d7%95%d7%a4%d7%a2%d7%aa-%d7%99%d7%97%d7%99%d7%93-%d7%91-%d7%94%d7%9e%d7%a7%d7%95%d7%9e%d7%95%d7%9f-%d7%92%d7%91%d7%a2%d7%aa%d7%99%d7%99%d7%9d-%d7%a8/	200	200	62273	—	True	True	True
R2-041	/%d7%9c%d7%90-%d7%91%d7%a2%d7%95%d7%93-%d7%a8%d7%92%d7%a2-%d7%9c%d7%90-%d7%91%d7%a2%d7%95%d7%93-%d7%a9%d7%a0%d7%99%d7%99%d7%94-%d7%a2-%d7%9b-%d7%a9-%d7%99-%d7%95/	200	200	61594	—	True	True	True
R2-042	/%d7%9e%d7%95%d7%a4%d7%a2-%d7%94%d7%a1%d7%99%d7%a4%d7%95%d7%a8%d7%99%d7%9d-%d7%a9%d7%9c-%d7%90%d7%99%d7%99%d7%9c-%d7%a2%d7%9e%d7%99%d7%aa-%d7%9b%d7%aa%d7%91%d7%94-%d7%9e%d7%90%d7%aa-%d7%a8%d7%95/	200	200	64325	—	True	True	True
R2-043	/%d7%9e%d7%95%d7%a4%d7%a2-%d7%94%d7%a1%d7%99%d7%a4%d7%95%d7%a8%d7%99%d7%9d-%d7%a9%d7%9c-%d7%90%d7%99%d7%99%d7%9c-%d7%a2%d7%9e%d7%99%d7%aa-%d7%a9%d7%99%d7%a9%d7%99-23-10-15-%d7%91%d7%aa%d7%99%d7%90/	200	200	62960	—	True	True	True
R2-044	/%d7%9e%d7%95%d7%a7%d7%a9-%d7%93%d7%94%d7%99%d7%9e%d7%9f-%d7%9e%d7%90%d7%a1%d7%98%d7%a8-%d7%93%d7%99%d7%92%d7%a8%d7%99%d7%93%d7%95-%d7%a6%d7%99%d7%95%d7%a8-%d7%9e%d7%a7%d7%95%d7%a8%d7%99-%d7%97/	200	200	69580	—	True	True	True
R2-045	/%d7%9e%d7%95%d7%a8%d7%94-%d7%9c%d7%93%d7%99%d7%92%d7%a8%d7%99%d7%93%d7%95-%d7%9e%d7%95%d7%93%d7%94-%d7%9c%d7%9e%d7%95%d7%a8%d7%99%d7%95-%d7%aa%d7%9c%d7%9e%d7%99%d7%93%d7%99%d7%95-%d7%95%d7%9e%d7%98/	200	200	64608	—	True	True	True
R2-046	/%d7%a0%d7%a9%d7%99%d7%9d-%d7%9e%d7%a0%d7%92%d7%a0%d7%95%d7%aa-%d7%91%d7%93%d7%99%d7%92%d7%a8%d7%99%d7%93%d7%95-%d7%90%d7%99%d7%a9%d7%94-%d7%9e%d7%a0%d7%92%d7%a0%d7%aa-%d7%91%d7%93%d7%99%d7%92/	200	200	70960	—	True	True	True
R2-047	/%d7%a0%d7%a9%d7%99%d7%9e%d7%94-%d7%9e%d7%a2%d7%92%d7%9c%d7%99%d7%aa-%d7%91%d7%93%d7%99%d7%92%d7%a8%d7%99%d7%93%d7%95-%d7%98%d7%99%d7%a4%d7%95%d7%9c-%d7%a8%d7%99%d7%a4%d7%95%d7%99-%d7%a2%d7%a6/	200	200	64000	—	True	True	True
R2-048	/%d7%a1%d7%93%d7%a0%d7%aa-%d7%93%d7%99%d7%92%d7%a8%d7%99%d7%93%d7%95-%d7%a7%d7%91%d7%95%d7%a6%d7%aa%d7%99%d7%aa-%d7%9e%d7%a7%d7%99%d7%a4%d7%94-%d7%95%d7%99%d7%99%d7%97%d7%95%d7%93%d7%99%d7%aa-%d7%9c/	200	200	66349	—	True	True	True
R2-049	/%d7%a1%d7%99%d7%a4%d7%95%d7%a8%d7%99%d7%9d-%d7%9e%d7%94%d7%a0%d7%99%d7%99%d7%a8-%d7%a2%d7%9d-%d7%90%d7%99%d7%99%d7%9c-%d7%a2%d7%9e%d7%99%d7%aa/	200	200	67024	—	True	True	True
R2-050	/%d7%a1%d7%a8%d7%98%d7%99%d7%9d-%d7%9e%d7%94%d7%97%d7%99%d7%99%d7%9d-%d7%9e%d7%95%d7%a4%d7%a2-%d7%94%d7%a1%d7%99%d7%a4%d7%95%d7%a8%d7%99%d7%9d-%d7%a9%d7%9c-%d7%90%d7%99%d7%99%d7%9c-%d7%a2%d7%9e%d7%99/	200	200	66759	—	True	True	True
R2-051	/%d7%a2%d7%95%d7%93-%d7%a8%d7%92%d7%a2-%d7%9e%d7%97%d7%99%d7%99%d7%95-%d7%a9%d7%9c-%d7%9e%d7%95%d7%a8%d7%94-%d7%9c%d7%93%d7%99%d7%92%d7%a8%d7%99%d7%93%d7%95/	200	200	64479	—	True	True	True
R2-052	/%d7%a2%d7%9b%d7%a9%d7%99%d7%95-%d7%94%d7%95%d7%a4%d7%a2%d7%94-%d7%91%d7%9e%d7%95%d7%a6%d7%a9-%d7%94%d7%a7%d7%a8%d7%95%d7%91-13-9-14-%d7%91%d7%a4%d7%a8%d7%93%d7%a1-%d7%97%d7%a0%d7%94/	200	200	65388	—	True	True	True
R2-053	/%d7%a2%d7%9b%d7%a9%d7%99%d7%95-%d7%9e%d7%95%d7%a4%d7%a2-%d7%94%d7%a1%d7%99%d7%a4%d7%95%d7%a8%d7%99%d7%9d-%d7%a9%d7%9c-%d7%90%d7%99%d7%99%d7%9c-%d7%a2%d7%9e%d7%99%d7%aa-%d7%aa%d7%95%d7%a4%d7%a2/	200	200	66088	—	True	True	True
R2-054	/%d7%a2%d7%9b%d7%a9%d7%99%d7%95-%d7%9e%d7%95%d7%a4%d7%a2-%d7%94%d7%a1%d7%99%d7%a4%d7%95%d7%a8%d7%99%d7%9d-%d7%a9%d7%9c-%d7%90%d7%99%d7%99%d7%9c-%d7%a2%d7%9e%d7%99%d7%aa-15-11-14-%d7%91%d7%aa/	200	200	67651	—	True	True	True
R2-055	/%d7%a2%d7%9e%d7%99%d7%aa-%d7%91%d7%99%d6%b8%d7%93%d6%b4%d7%99%d7%aa-%d7%9e%d7%95%d7%a4%d7%a2-%d7%94%d7%a1%d7%99%d7%a4%d7%95%d7%a8%d7%99%d7%9d-%d7%a9%d7%9c-%d7%90%d7%99%d7%99%d7%9c-%d7%a2%d7%9e%d7%99/	200	200	66667	—	True	True	True
R2-056	/%d7%a4%d7%95%d7%93%d7%a7%d7%90%d7%a1%d7%98-%d7%93%d7%99%d7%92%d7%a8%d7%99%d7%93%d7%95-%d7%95-%d7%a0%d7%a9%d7%99%d7%9e%d7%94-%d7%90%d7%99%d7%99%d7%9c-%d7%a2%d7%9e%d7%99%d7%aa-2/	200	200	67486	—	True	True	True
R2-057	/%d7%a4%d7%95%d7%93%d7%a7%d7%90%d7%a1%d7%98-%d7%93%d7%99%d7%92%d7%a8%d7%99%d7%93%d7%95-%d7%95-%d7%a0%d7%a9%d7%99%d7%9e%d7%94-%d7%90%d7%99%d7%99%d7%9c-%d7%a2%d7%9e%d7%99%d7%aa/	200	200	71244	—	True	True	True
R2-058	/%d7%a8%d7%99%d7%91%d7%a8%d7%a1%d7%99%d7%a0%d7%92-%d7%a0%d7%a9%d7%99%d7%9e%d7%94-%d7%9e%d7%a2%d7%92%d7%9c%d7%99%d7%aa-%d7%93%d7%99%d7%92%d7%a8%d7%99%d7%93%d7%95/	200	200	75932	—	True	True	True
R2-059	/%d7%a9%d7%a0%d7%94-%d7%9c%d7%97%d7%95%d7%a7-%d7%94%d7%a1%d7%a4%d7%a8%d7%99%d7%9d-%d7%a6%d7%a0%d7%99%d7%97%d7%94-%d7%a9%d7%9c-35-%d7%91%d7%9e%d7%9b%d7%99%d7%a8%d7%95%d7%aa-%d7%a9%d7%9c-%d7%a1%d7%a4/	200	200	67155	—	True	True	True
R2-060	/%d7%a9%d7%a0%d7%99-%d7%aa%d7%90%d7%a8%d7%99%d7%9b%d7%99%d7%9d-%d7%a7%d7%a8%d7%95%d7%91%d7%99%d7%9d-%d7%9c%d7%9e%d7%95%d7%a4%d7%a2-%d7%94%d7%a1%d7%99%d7%a4%d7%95%d7%a8%d7%99%d7%9d-%d7%a9%d7%9c-%d7%90/	200	200	69281	—	True	True	True
R2-061	/%d7%aa%d7%9c%d7%9e%d7%99%d7%93%d7%99%d7%9d-%d7%95%d7%9e%d7%98%d7%95%d7%a4%d7%9c%d7%99%d7%9d-%d7%9e%d7%9e%d7%9c%d7%99%d7%a6%d7%99%d7%9d-%d7%a2%d7%9c-%d7%94%d7%9e%d7%a8%d7%9b%d7%96-%d7%9c%d7%98%d7%99/	200	200	126629	—	True	True	True
R2-062	/100-100-100-%d7%aa%d7%95%d7%93%d7%94/	200	200	63854	—	True	True	True
R2-063	/18-%d7%94%d7%98%d7%95%d7%a8-%d7%a9%d7%9c-%d7%90%d7%99%d7%99%d7%9c-%d7%a2%d7%9e%d7%99%d7%aa-%d7%9e%d7%a1%d7%9a-%d7%94%d7%91%d7%a8%d7%96%d7%9c/	200	200	70779	—	True	True	True
R2-064	/2-8-%d7%9e%d7%95%d7%a4%d7%a2-%d7%91%d7%a6%d7%95%d7%95%d7%aa%d7%90-20-%d7%9e%d7%94%d7%9e%d7%a7%d7%95%d7%9e%d7%95%d7%aa-%d7%91%d7%90%d7%95%d7%9c%d7%9d-%d7%97%d7%99%d7%a0%d7%9d-%d7%9c%d7%aa%d7%95%d7%a9/	200	200	64366	—	True	True	True
R2-065	/2228-2/	200	200	61139	—	True	True	True
R2-066	/23-%d7%94%d7%98%d7%95%d7%a8-%d7%a9%d7%9c-%d7%90%d7%99%d7%99%d7%9c-%d7%a2%d7%9e%d7%99%d7%aa-%d7%9c%d7%a6%d7%99%d7%99%d7%aa-%d7%90%d7%95-%d7%9c%d7%97%d7%a9%d7%95%d7%91/	200	200	72309	—	True	True	True
R2-067	/27-%d7%94%d7%98%d7%95%d7%a8-%d7%a9%d7%9c-%d7%90%d7%99%d7%99%d7%9c-%d7%a2%d7%9e%d7%99%d7%aa-%d7%97%d7%9b%d7%9e%d7%aa-%d7%94%d7%a4%d7%a8%d7%a6%d7%95%d7%a3/	200	200	68124	—	True	True	True
R2-068	/29-%d7%94%d7%98%d7%95%d7%a8-%d7%a9%d7%9c-%d7%90%d7%99%d7%99%d7%9c-%d7%a2%d7%9e%d7%99%d7%aa-%d7%a8%d7%99%d7%99%d7%91-%d7%a9%d7%91%d7%95%d7%a2-%d7%94%d7%a1%d7%a4%d7%a8/	200	200	67377	—	True	True	True
R2-069	/32-%d7%94%d7%98%d7%95%d7%a8-%d7%a9%d7%9c-%d7%90%d7%99%d7%99%d7%9c-%d7%a2%d7%9e%d7%99%d7%aa-%d7%90%d7%9d-%d7%90%d7%99%d7%9f-%d7%90%d7%a0%d7%99-%d7%9c%d7%99-%d7%9e%d7%99-%d7%9c%d7%99/	200	200	65063	—	True	True	True
R2-070	/34-%d7%94%d7%98%d7%95%d7%a8-%d7%a9%d7%9c-%d7%90%d7%99%d7%99%d7%9c-%d7%a2%d7%9e%d7%99%d7%aa-%d7%94%d7%9c%d7%91/	200	200	69532	—	True	True	True
R2-071	/36-%d7%94%d7%98%d7%95%d7%a8-%d7%a9%d7%9c-%d7%90%d7%99%d7%99%d7%9c-%d7%a2%d7%9e%d7%99%d7%aa-%d7%a9%d7%99%d7%98%d7%aa-%d7%94%d7%a9%d7%a7%d7%a9%d7%95%d7%a7%d7%94/	200	200	67244	—	True	True	True
R2-072	/40-%d7%94%d7%98%d7%95%d7%a8-%d7%a9%d7%9c-%d7%90%d7%99%d7%99%d7%9c-%d7%a2%d7%9e%d7%99%d7%aa-%d7%a4%d7%a8%d7%a1%d7%95%d7%9e%d7%aa-%d7%90%d7%97%d7%aa-%d7%95%d7%97%d7%96%d7%a8%d7%a0%d7%95/	200	200	68495	—	True	True	True
R2-073	/41-%d7%94%d7%98%d7%95%d7%a8-%d7%a9%d7%9c-%d7%90%d7%99%d7%99%d7%9c-%d7%a2%d7%9e%d7%99%d7%aa-%d7%97%d7%90%d7%a8%d7%98%d7%94-%d7%91%d7%90%d7%a8%d7%98%d7%94/	200	200	74258	—	True	True	True
R2-074	/42-%d7%94%d7%98%d7%95%d7%a8-%d7%a9%d7%9c-%d7%90%d7%99%d7%99%d7%9c-%d7%a2%d7%9e%d7%99%d7%aa-%d7%90%d7%97%d7%93-%d7%91%d7%a1%d7%a4%d7%98%d7%9e%d7%91%d7%a8/	200	200	63955	—	True	True	True
R2-075	/43-%d7%94%d7%98%d7%95%d7%a8-%d7%a9%d7%9c-%d7%90%d7%99%d7%99%d7%9c-%d7%a2%d7%9e%d7%99%d7%aa-%d7%90%d7%93%d7%95%d7%9f-%d7%a1%d7%9c%d7%99%d7%97%d7%95%d7%aa/	200	200	65170	—	True	True	True
R2-076	/45-%d7%94%d7%98%d7%95%d7%a8-%d7%a9%d7%9c-%d7%90%d7%99%d7%99%d7%9c-%d7%a2%d7%9e%d7%99%d7%aa-%d7%a4%d7%a8%d7%95%d7%a4%d7%95%d7%a8%d7%a6%d7%99%d7%95%d7%aa/	200	200	61163	—	True	True	True
R2-077	/47-%d7%94%d7%98%d7%95%d7%a8-%d7%a9%d7%9c-%d7%90%d7%99%d7%99%d7%9c-%d7%a2%d7%9e%d7%99%d7%aa-%d7%96%d7%9e%d7%9f-%d7%97%d7%9c%d7%95%d7%9d/	200	200	63522	—	True	True	True
R2-078	/49-%d7%94%d7%98%d7%95%d7%a8-%d7%a9%d7%9c-%d7%90%d7%99%d7%99%d7%9c-%d7%a2%d7%9e%d7%99%d7%aa-%d7%a7%d7%95%d7%9e%d7%99%d7%a7-%d7%a8%d7%9c%d7%99%d7%a3/	200	200	68969	—	True	True	True
R2-079	/51-%d7%94%d7%98%d7%95%d7%a8-%d7%a9%d7%9c-%d7%90%d7%99%d7%99%d7%9c-%d7%a2%d7%9e%d7%99%d7%aa-%d7%90%d7%a7%d7%a1%d7%98%d7%a8%d7%99%d7%9d-%d7%96%d7%94-%d7%a0%d7%a2%d7%99%d7%9d/	200	200	65471	—	True	True	True
R2-080	/60-%d7%94%d7%98%d7%95%d7%a8-%d7%a9%d7%9c-%d7%90%d7%99%d7%99%d7%9c-%d7%a2%d7%9e%d7%99%d7%aa-%d7%90%d7%99%d7%99-%d7%90%d7%9d-%d7%91%d7%a7/	200	200	79142	—	True	True	True
