pages	/snoring-sleep-apnea/	דיג׳רידו, נחירות ודום נשימה בשינה
pages	/press/	עיתונות
pages	/qr/qr48/	qr48 -וסיימת
pages	/qr/qr47/	qr47  &#8211; טיפול זוגי
pages	/qr/qr46/	qr46  &#8211; האומץ לאהוב את הפחד
pages	/qr/qr45/	qr45 &#8211; צום מיצים
pages	/qr/qr44/	qr44 &#8211; כולנו פרעושים
pages	/qr/qr43/	qr43 &#8211; עכשיו!!!
pages	/qr/qr42/	qr42 &#8211; הבטחות אחים
pages	/qr/qr41/	qr41 &#8211; לופ בטעם תות לימון
pages	/qr/qr40/	qr40 &#8211; אבנים חמות
pages	/qr/qr39/	qr39 &#8211; תחשוב חיובי
pages	/qr/qr38/	qr38 &#8211; הבטחות או לא להיות
pages	/qr/qr37/	qr37 &#8211; דרך השלום
pages	/qr/qr36/	qr36 &#8211; חוני המעגל
pages	/qr/qr35/	qr35 &#8211; הגבר החדש
pages	/qr/qr34/	qr34 &#8211; תקום
pages	/qr/qr33/	qr33 &#8211; תאכלו ביצים, תהיו טייסים
pages	/qr/qr32/	qr32 &#8211; נשימה מעגלית
pages	/qr/qr31/	qr31 &#8211; פיפי במעלית
pages	/qr/qr30/	qr30 &#8211; פרדס חפלה
pages	/qr/qr29/	qr29 &#8211; לעבור דירה
pages	/qr/qr28/	qr28 &#8211; נזכור ולא נשכח
pages	/qr/qr27/	qr27 &#8211; אמסטרדם
pages	/qr/qr26/	qr26 &#8211; כורסת הציפורניים
pages	/qr/qr25/	qr25 &#8211; גרין ווש
pages	/qr/qr24/	qr24 &#8211; קוֹל פּוּט שוֹרט סטופ!
pages	/qr/qr23/	qr23 &#8211; יום כן יום לא
pages	/qr/qr22/	qr22 &#8211; בולט אנט
pages	/qr/qr21/	qr21 &#8211; ג'סי ראם!
pages	/qr/qr20/	qr20 &#8211; אבא, אני רעב
pages	/qr/qr19/	qr19 &#8211; הפיצה הכי טעימה שאכלתי בחיים
pages	/qr/qr18/	qr18 &#8211; אחד לשלושה טריליון
pages	/qr/qr17/	qr17 &#8211; יוגי לודג'
pages	/qr/qr16/	qr16 &#8211; דם על הידיים
pages	/qr/qr15/	qr15 &#8211; היקיקומורי
pages	/qr/qr14/	qr14 &#8211; גורילות בערפל האמזונס
pages	/qr/qr13/	qr13 &#8211; ואהבתָ
pages	/qr/qr12/	qr12 &#8211; אינדיאנה ג'ונס והמכרה הארור
pages	/qr/qr11/	qr11 &#8211; חורשט זבזי
pages	/qr/qr10/	qr10 &#8211; וואט איז דאט?
pages	/qr/qr9/	qr9 &#8211; טיפול שורש
pages	/qr/qr8/	qr8 &#8211; סופה במדבר
pages	/qr/qr7/	qr7 &#8211; אחד לשלושה
pages	/qr/qr6/	qr6 &#8211; ספיבאק
pages	/qr/qr5/	qr5 &#8211; אלכסון הוא אסון
pages	/qr/qr4/	qr4 &#8211; בום-בום-בום על דלתי מרום
pages	/qr/qr3/	qr3 &#8211; האלמנה השחורה
pages	/qr/qr2/	qr2 &#8211; אקדח לתוך הראש
pages	/qr/qr1/	והקדמת &#8211; qr1
pages	/qr/	QR
pages	/repair/	תיקון וחידוש דיג'רידו
pages	/stand-floor/	סטנד רצפתי לנגינה בישיבה נמוכה
pages	/stands-storage/	סטנדים לאחסון דיג'רידו
pages	/bags/	תיקים לדיג'רידו
pages	/didgeridoos/	כלי דיג'רידו למכירה
pages	/books/tsva-bekahol/	צבע בכחול וזרוק לים
pages	/books/vekatavta/	וכתבת
pages	/about/moksha/	מוקש דהימן — לזכרו
pages	/about/	אודות אייל עמית
pages	/muzza/vekatavt/	וכתבת
pages	/books/kushi-blantis/	כושי בלאנטיס
pages	/muzza/tsva-bechol-ve-zorek-layam/	צבע בכחול וזרוק לים
pages	/muzza/	מוזה הוצאה לאור
pages	/privacy/	מדיניות פרטיות
pages	/testimonials/	המלצות — קטלוג מרכזי (ומדיה)
pages	/galleries/	גלריות — קטלוג מרכזי
pages	/faq/	שאלות נפוצות
pages	/muzeh/vekatavt/	וכתבת
pages	/muzeh/kushi-blantis/	כושי בלאנטיס
pages	/muzeh/tsva-bechol-ve-zorek-layam/	צבע בכחול וזרוק לים
pages	/muzeh/	מוזה הוצאה לאור
pages	/tools-and-accessories/repair/	תיקון וחידוש כלים
pages	/tools-and-accessories/instruments/	כלים בעבודת יד ואביזרים
pages	/tools-and-accessories/	כלים ואביזרים
pages	/learning/workshops/	סדנאות
pages	/learning/lectures/	הרצאות
pages	/learning/courses-external/	קורסים (סקולר / חיצוני)
pages	/learning/	לימוד והכשרה
pages	/sound-healing/	סאונד הילינג
pages	/lessons/	שיעורי דיג'רידו
pages	/method/	שיטת cbDIDG של אייל עמית
pages	/treatment/	טיפול בדיג'רידו
pages	/courses-soon/	קורסים — בקרוב
pages	/thank-you/	תודה
pages	/shop/	עמוד קטלוג ראשי
pages	/terms/	תקנון
pages	/accessibility/	הצהרת נגישות
pages	/en/	English
pages	/historical-articles/	כתבות היסטוריות
pages	/shows-heritage/	הופעות / מורשת מופע
pages	/contact/	צור קשר
pages	/learning/therapist-training/	הכשרות למטפלים
pages	/books/	ספרים
pages	/blog/	בלוג
pages	/hashita/	השיטה
pages	/	בית
pages	/eyal-amit/mokesh-dahiman/	מוקש דהימן — לזכרו
pages	/eyal-amit/	אייל עמית
pages	/services/handmade-instruments/	כלים בעבודת יד ואביזרים
pages	/services/didgeridoo-treatment-breath/	טיפול בדיג'רידו / נשימה
pages	/services/didgeridoo-lessons/	שיעורי דיג'רידו / נגינה
pages	/services/	שירותים
posts	/%d7%a4%d7%95%d7%93%d7%a7%d7%90%d7%a1%d7%98-%d7%93%d7%99%d7%92%d7%a8%d7%99%d7%93%d7%95-%d7%95-%d7%a0%d7%a9%d7%99%d7%9e%d7%94-%d7%90%d7%99%d7%99%d7%9c-%d7%a2%d7%9e%d7%99%d7%aa-2/	צלילים מרפאים, תדרים מרפאים, סאונד הילינג דיג'רידו &#8211; אייל עמית
posts	/%d7%9e%d7%95%d7%a8%d7%94-%d7%9c%d7%93%d7%99%d7%92%d7%a8%d7%99%d7%93%d7%95-%d7%9e%d7%95%d7%93%d7%94-%d7%9c%d7%9e%d7%95%d7%a8%d7%99%d7%95-%d7%aa%d7%9c%d7%9e%d7%99%d7%93%d7%99%d7%95-%d7%95%d7%9e%d7%98/	פוסט תודה למורי, לתלמידי, למטופלי, ויותר מכל לתסריטאי המופרע שיושב לו שם למעלה
posts	/%d7%a4%d7%95%d7%93%d7%a7%d7%90%d7%a1%d7%98-%d7%93%d7%99%d7%92%d7%a8%d7%99%d7%93%d7%95-%d7%95-%d7%a0%d7%a9%d7%99%d7%9e%d7%94-%d7%90%d7%99%d7%99%d7%9c-%d7%a2%d7%9e%d7%99%d7%aa/	ראיון מלא (90 דקות) בפודקאסט של נווית צוף שטראוס בנושא הנשימה, דיג'רידו והעשייה הייחודית שלי במרכז לטיפול בנשימה באמצעות דיג'רידו
posts	/%d7%a2%d7%95%d7%93-%d7%a8%d7%92%d7%a2-%d7%9e%d7%97%d7%99%d7%99%d7%95-%d7%a9%d7%9c-%d7%9e%d7%95%d7%a8%d7%94-%d7%9c%d7%93%d7%99%d7%92%d7%a8%d7%99%d7%93%d7%95/	עוד רגע מחייו של מורה לנשימה נכונה ומלווה תהליכי ריפוי באמצעות דיג'רידו
posts	/%d7%98%d7%99%d7%a4%d7%95%d7%9c-%d7%91%d7%a0%d7%a9%d7%99%d7%9e%d7%94-%d7%91%d7%90%d7%9e%d7%a6%d7%a2%d7%95%d7%aa-%d7%93%d7%99%d7%92%d7%a8%d7%99%d7%93%d7%95-%d7%9c%d7%9c%d7%9e%d7%95%d7%93-%d7%9c/	טיפול בנשימה באמצעות דיג'רידו &#8211; ללמוד לנשום נכון ביומיום וגם בלילה
posts	/%d7%a8%d7%99%d7%91%d7%a8%d7%a1%d7%99%d7%a0%d7%92-%d7%a0%d7%a9%d7%99%d7%9e%d7%94-%d7%9e%d7%a2%d7%92%d7%9c%d7%99%d7%aa-%d7%93%d7%99%d7%92%d7%a8%d7%99%d7%93%d7%95/	הכל אודות ריברסינג, נשימה מעגלית ו- דיג'רידו. האם נשימה מעגלית בדיג'רידו היא אותה נשימה מעגלית משיטת הטיפול ריברסינג? התשובה היא לא. הנה ההסבר המלא:
posts	/%d7%a0%d7%a9%d7%99%d7%9e%d7%94-%d7%9e%d7%a2%d7%92%d7%9c%d7%99%d7%aa-%d7%91%d7%93%d7%99%d7%92%d7%a8%d7%99%d7%93%d7%95-%d7%98%d7%99%d7%a4%d7%95%d7%9c-%d7%a8%d7%99%d7%a4%d7%95%d7%99-%d7%a2%d7%a6/	נגינה ונשימה מעגלית בדיג'רידו &#8211; ריפוי הנשימה והנשמה
posts	/%d7%a0%d7%a9%d7%99%d7%9d-%d7%9e%d7%a0%d7%92%d7%a0%d7%95%d7%aa-%d7%91%d7%93%d7%99%d7%92%d7%a8%d7%99%d7%93%d7%95-%d7%90%d7%99%d7%a9%d7%94-%d7%9e%d7%a0%d7%92%d7%a0%d7%aa-%d7%91%d7%93%d7%99%d7%92/	האם לנשים מותר לנגן בדיג'רידו? פוסט מיוחד לסילוק דעות קדומות והחשש מעקרות
posts	/%d7%a1%d7%93%d7%a0%d7%aa-%d7%93%d7%99%d7%92%d7%a8%d7%99%d7%93%d7%95-%d7%a7%d7%91%d7%95%d7%a6%d7%aa%d7%99%d7%aa-%d7%9e%d7%a7%d7%99%d7%a4%d7%94-%d7%95%d7%99%d7%99%d7%97%d7%95%d7%93%d7%99%d7%aa-%d7%9c/	סדנת דיג'רידו קבוצתית מקיפה וייחודית לנשימה מעגלית בדיג'רידו (רמת מתחילים)
posts	/%d7%aa%d7%9c%d7%9e%d7%99%d7%93%d7%99%d7%9d-%d7%95%d7%9e%d7%98%d7%95%d7%a4%d7%9c%d7%99%d7%9d-%d7%9e%d7%9e%d7%9c%d7%99%d7%a6%d7%99%d7%9d-%d7%a2%d7%9c-%d7%94%d7%9e%d7%a8%d7%9b%d7%96-%d7%9c%d7%98%d7%99/	תלמידים ומטופלים ממליצים על המרכז לטיפול בדיג'רידו &#8211; אייל עמית
posts	/%d7%98%d7%99%d7%a4%d7%95%d7%9c-%d7%91%d7%a4%d7%95%d7%a1%d7%98-%d7%98%d7%a8%d7%90%d7%95%d7%9e%d7%94-%d7%9c%d7%97%d7%99%d7%99%d7%9c-%d7%9e%d7%a9%d7%95%d7%97%d7%a8%d7%a8-%d7%9e%d7%92%d7%95%d7%9c%d7%a0/	טיפול בפוסט טראומה לחייל משוחרר מגולני באמצעות נשימה בדיג'רידו &#8211; המרכז לטיפול בדיג'רידו / אייל עמית
posts	/%d7%9e%d7%95%d7%a7%d7%a9-%d7%93%d7%94%d7%99%d7%9e%d7%9f-%d7%9e%d7%90%d7%a1%d7%98%d7%a8-%d7%93%d7%99%d7%92%d7%a8%d7%99%d7%93%d7%95-%d7%a6%d7%99%d7%95%d7%a8-%d7%9e%d7%a7%d7%95%d7%a8%d7%99-%d7%97/	מוקש דהימן &#8211; מאסטר דיג'רידו &#8211; ציור מקורי חדש במרכז לטיפול בדיג'רידו (שמן על קנבס)
posts	/%d7%9b%d7%aa%d7%91%d7%94-%d7%90%d7%95%d7%93%d7%95%d7%aa-%d7%90%d7%99%d7%99%d7%9c-%d7%a2%d7%9e%d7%99%d7%aa-%d7%9e%d7%95%d7%a8%d7%94-%d7%95%d7%9e%d7%98%d7%a4%d7%9c-%d7%91%d7%93%d7%99%d7%92%d7%a8%d7%99/	שליחות חיי &#8211; כתבה אודות המרכז לטיפול בדיג'רידו פרדס חנה &#8211; אייל עמית
posts	/%d7%95%d7%a1%d7%99%d7%a4%d7%a8%d7%aa%d6%b8%d6%bc-%d7%9e%d7%95%d7%a4%d7%a2-%d7%94%d7%a1%d7%a4%d7%95%d7%a7%d7%9f-%d7%a1%d7%98%d7%95%d7%a8%d7%99%d7%96-%d7%a9%d7%9c-%d7%90%d7%99%d7%99%d7%9c-%d7%a2%d7%9e/	וסיפרתָּ &#8211; מופע פרידה!!! 14.10.17 מועדון היוניקורן פרדס חנה | מופע הספוקן סטוריז של אייל עמית
posts	/%d7%90%d7%aa-%d7%94%d7%a1%d7%a4%d7%a8-%d7%94%d7%97%d7%93%d7%a9-%d7%a9%d7%9c%d7%99-%d7%9c%d7%90-%d7%aa%d7%9e%d7%a6%d7%90%d7%95-%d7%91%d7%a8%d7%a9%d7%aa%d7%95%d7%aa-%d7%94%d7%a1%d7%a4%d7%a8%d7%99%d7%9d/	את הספר החדש שלי לא תמצאו ברשתות הספרים. למה?
posts	/%d7%a1%d7%99%d7%a4%d7%95%d7%a8%d7%99%d7%9d-%d7%9e%d7%94%d7%a0%d7%99%d7%99%d7%a8-%d7%a2%d7%9d-%d7%90%d7%99%d7%99%d7%9c-%d7%a2%d7%9e%d7%99%d7%aa/	הזמנה לסדרת מפגשים אינטימיים חדשה! &quot;סיפורים מהנייר&quot; עם אייל עמית
posts	/%d7%94%d7%96%d7%9e%d7%a0%d7%94-%d7%9c%d7%94%d7%a9%d7%a7%d7%aa-%d7%94%d7%a1%d7%a4%d7%a8-%d7%94%d7%97%d7%93%d7%a9-%d7%95%d7%9b%d7%aa%d7%91%d7%aa%d6%b8-%d7%90%d7%99%d7%99%d7%9c-%d7%a2%d7%9e/	הזמנה להשקת הספר החדש – &quot;וכתבתָ&quot; / אייל עמית 15.6.17 בפרדס חנה
posts	/%d7%9b%d7%aa%d7%91%d7%94-%d7%a2%d7%9c-%d7%aa%d7%95%d7%a4%d7%a2%d7%aa-%d7%99%d7%97%d7%99%d7%93-%d7%91-%d7%94%d7%9e%d7%a7%d7%95%d7%9e%d7%95%d7%9f-%d7%92%d7%91%d7%a2%d7%aa%d7%99%d7%99%d7%9d-%d7%a8/	כתבה על &quot;תופעת יחיד&quot; ב- המקומון גבעתיים רמת גן, 22.10.15, מני פרסול
posts	/%d7%90%d7%99%d7%99%d7%9c-%d7%a2%d7%9e%d7%99%d7%aa-%d7%aa%d7%95%d7%a4%d7%a2%d7%aa-%d7%99%d7%97%d7%99%d7%93-%d7%9e%d7%95%d7%a4%d7%a2-%d7%a1%d7%99%d7%a4%d7%95%d7%a8%d7%99%d7%9d-spoken-stories-15/	מופע &quot;ספיישל ברצלונה&quot;! 29.12.16 תיאטרון הידית פרדס חנה / אייל עמית &#8211; תופעת יחיד &#8211; מופע סיפורים &#8211; spoken stories
posts	/%d7%a2%d7%9b%d7%a9%d7%99%d7%95-%d7%9e%d7%95%d7%a4%d7%a2-%d7%94%d7%a1%d7%99%d7%a4%d7%95%d7%a8%d7%99%d7%9d-%d7%a9%d7%9c-%d7%90%d7%99%d7%99%d7%9c-%d7%a2%d7%9e%d7%99%d7%aa-%d7%aa%d7%95%d7%a4%d7%a2/	שמרו התאריכים! תופעת יחיד: 11/11/16 פסטיבל נאטראז', 22/12/16 בית ציוני אמריקה, 29/12/16 תיאטרון הידית
posts	/%d7%9e%d7%95%d7%a4%d7%a2-%d7%94%d7%a1%d7%99%d7%a4%d7%95%d7%a8%d7%99%d7%9d-%d7%a9%d7%9c-%d7%90%d7%99%d7%99%d7%9c-%d7%a2%d7%9e%d7%99%d7%aa-%d7%a9%d7%99%d7%a9%d7%99-23-10-15-%d7%91%d7%aa%d7%99%d7%90/	מופע הסיפורים של אייל עמית מגיע לתיאטרון הקאמרי!
posts	/%d7%9e%d7%95%d7%a4%d7%a2-%d7%94%d7%a1%d7%99%d7%a4%d7%95%d7%a8%d7%99%d7%9d-%d7%a9%d7%9c-%d7%90%d7%99%d7%99%d7%9c-%d7%a2%d7%9e%d7%99%d7%aa-%d7%9b%d7%aa%d7%91%d7%94-%d7%9e%d7%90%d7%aa-%d7%a8%d7%95/	מופע הסיפורים של אייל עמית / כתבה מאת רואי פרסול &#8211; מעריב תרבות 21.7.15
posts	/2228-2/	מופע הסיפורים של אייל עמית &#8211; תופעת יחיד | כתבה מאת שי מרקוביץ / ידיעות השרון
posts	/%d7%a9%d7%a0%d7%99-%d7%aa%d7%90%d7%a8%d7%99%d7%9b%d7%99%d7%9d-%d7%a7%d7%a8%d7%95%d7%91%d7%99%d7%9d-%d7%9c%d7%9e%d7%95%d7%a4%d7%a2-%d7%94%d7%a1%d7%99%d7%a4%d7%95%d7%a8%d7%99%d7%9d-%d7%a9%d7%9c-%d7%90/	מה חושבים על המופע &quot;תופעת יחיד&quot; של אייל עמית: אלון נוימן, שי אביבי, מיכל ליבדינסקי, אברהם טל, ערן שטרן ועוד..
posts	/%d7%a9%d7%a0%d7%94-%d7%9c%d7%97%d7%95%d7%a7-%d7%94%d7%a1%d7%a4%d7%a8%d7%99%d7%9d-%d7%a6%d7%a0%d7%99%d7%97%d7%94-%d7%a9%d7%9c-35-%d7%91%d7%9e%d7%9b%d7%99%d7%a8%d7%95%d7%aa-%d7%a9%d7%9c-%d7%a1%d7%a4/	&quot;שנה לחוק הספרים: צניחה של 35% במכירות של ספרים חדשים &#8211; ועלייה חדה במחירים&quot; | צרכנות דה-מרקר
posts	/%d7%93%d7%a3-%d7%a4%d7%99%d7%99%d7%a1%d7%91%d7%95%d7%a7-%d7%97%d7%93%d7%a9-%d7%9c%d7%9e%d7%95%d7%a4%d7%a2-%d7%94%d7%96%d7%9e%d7%a0%d7%94-%d7%9c%d7%a9%d7%a0%d7%99-%d7%94%d7%9e%d7%95%d7%a4%d7%a2%d7%99/	דף פייסבוק חדש למופע + הזמנה לשני המופעים הקרובים בת&quot;א ובפרדס חנה
posts	/%d7%a2%d7%9b%d7%a9%d7%99%d7%95-%d7%9e%d7%95%d7%a4%d7%a2-%d7%94%d7%a1%d7%99%d7%a4%d7%95%d7%a8%d7%99%d7%9d-%d7%a9%d7%9c-%d7%90%d7%99%d7%99%d7%9c-%d7%a2%d7%9e%d7%99%d7%aa-15-11-14-%d7%91%d7%aa/	עכשיו!!!! מופע הסיפורים של אייל עמית &#8211; 15.11.14 בתיאטרון הידית פרדס חנה
posts	/%d7%a2%d7%9b%d7%a9%d7%99%d7%95-%d7%94%d7%95%d7%a4%d7%a2%d7%94-%d7%91%d7%9e%d7%95%d7%a6%d7%a9-%d7%94%d7%a7%d7%a8%d7%95%d7%91-13-9-14-%d7%91%d7%a4%d7%a8%d7%93%d7%a1-%d7%97%d7%a0%d7%94/	&quot;פרדס חפלה&quot; &#8211; הסיפור החדש במופע הקרוב 13.9.14 בפרדס חנה
posts	/2-8-%d7%9e%d7%95%d7%a4%d7%a2-%d7%91%d7%a6%d7%95%d7%95%d7%aa%d7%90-20-%d7%9e%d7%94%d7%9e%d7%a7%d7%95%d7%9e%d7%95%d7%aa-%d7%91%d7%90%d7%95%d7%9c%d7%9d-%d7%97%d7%99%d7%a0%d7%9d-%d7%9c%d7%aa%d7%95%d7%a9/	2.8 תופעת יחיד בצוותא &#8211; 50% מהמקומות באולם חינם לתושבי הדרום!
posts	/%d7%94%d7%98%d7%95%d7%a8-%d7%a9%d7%9c-%d7%90%d7%99%d7%99%d7%9c-%d7%a2%d7%9e%d7%99%d7%aa-%d7%90%d7%99%d7%9a-%d7%94%d7%aa%d7%97%d7%9c%d7%aa%d7%99-%d7%9c%d7%9b%d7%aa%d7%95%d7%91-%d7%95%d7%9c%d7%a1%d7%a4/	אקדח לתוך הראש
posts	/%d7%9c%d7%90-%d7%91%d7%a2%d7%95%d7%93-%d7%a8%d7%92%d7%a2-%d7%9c%d7%90-%d7%91%d7%a2%d7%95%d7%93-%d7%a9%d7%a0%d7%99%d7%99%d7%94-%d7%a2-%d7%9b-%d7%a9-%d7%99-%d7%95/	שם חדש למופע הסיפורים: &quot;עכשיו!!!!!&quot;  קבלו את שלושת הקליפים הרישמיים עם ה-&quot;עכשווים&quot; שלכם!
posts	/%d7%91%d7%99%d7%a7%d7%95%d7%a8%d7%95%d7%aa-%d7%92%d7%95%d7%9c%d7%a9%d7%99%d7%9d-%d7%90%d7%95%d7%93%d7%95%d7%aa-%d7%a2%d7%9b%d7%a9%d7%99%d7%95-%d7%9e%d7%95%d7%a4%d7%a2-%d7%94%d7%a1%d7%99%d7%a4/	ביקורות גולשים אודות: עכשיו!!!!! &#8211; מופע הסיפורים של אייל עמית &#8211; תופעת יחיד
posts	/%d7%a1%d7%a8%d7%98%d7%99%d7%9d-%d7%9e%d7%94%d7%97%d7%99%d7%99%d7%9d-%d7%9e%d7%95%d7%a4%d7%a2-%d7%94%d7%a1%d7%99%d7%a4%d7%95%d7%a8%d7%99%d7%9d-%d7%a9%d7%9c-%d7%90%d7%99%d7%99%d7%9c-%d7%a2%d7%9e%d7%99/	סרטים מהחיים &#8211; מופע הסיפורים של אייל עמית: שני תאריכים קרובים: 5.4.14 תיאטרון הידית פרדס חנה, 10.4.14 צוותא2 ת&quot;א.
posts	/100-100-100-%d7%aa%d7%95%d7%93%d7%94/	100% !!!!!!! 100%  !!!!!!!! 100%  !!!!!!!!  תודה  !!!!!!!!!
posts	/%d7%a2%d7%9e%d7%99%d7%aa-%d7%91%d7%99%d6%b8%d7%93%d6%b4%d7%99%d7%aa-%d7%9e%d7%95%d7%a4%d7%a2-%d7%94%d7%a1%d7%99%d7%a4%d7%95%d7%a8%d7%99%d7%9d-%d7%a9%d7%9c-%d7%90%d7%99%d7%99%d7%9c-%d7%a2%d7%9e%d7%99/	הופעת בכורה בתל אביב!!! 3/12/13  'סרטים מהחיים' &#8211; מופע הסיפורים של אייל עמית
posts	/%d7%94%d7%98%d7%95%d7%a8-%d7%a9%d7%9c-%d7%90%d7%99%d7%99%d7%9c-%d7%a2%d7%9e%d7%99%d7%aa-%d7%94%d7%a1%d7%a4%d7%a8-%d7%94%d7%97%d7%93%d7%a9-%d7%a9%d7%9c%d7%99-%d7%96%d7%a7%d7%95%d7%a7-%d7%9c/	הספר החדש שלי יוצא לאור!!!! אשמח לתמיכתכם ב-הדסטארט!
posts	/%d7%93%d7%99%d7%92%d7%a8%d7%99%d7%93%d7%95-%d7%a4%d7%a8%d7%93%d7%a1-%d7%97%d7%a0%d7%94-%d7%a1%d7%98%d7%95%d7%93%d7%99%d7%95-%d7%9c%d7%91%d7%a0%d7%99%d7%99%d7%94-%d7%95%d7%a0%d7%92%d7%99%d7%a0/	נשימה מעגלית &#8211; סטודיו דיג'רידו לנגינה ובנייה בפרדס חנה &#8211; אייל עמית. פוסט מ 2012
posts	/60-%d7%94%d7%98%d7%95%d7%a8-%d7%a9%d7%9c-%d7%90%d7%99%d7%99%d7%9c-%d7%a2%d7%9e%d7%99%d7%aa-%d7%90%d7%99%d7%99-%d7%90%d7%9d-%d7%91%d7%a7/	פרוייקט &quot;מטיילים מצטלמים&quot; עם הספרים של מוזה הוצאה לאור
posts	/51-%d7%94%d7%98%d7%95%d7%a8-%d7%a9%d7%9c-%d7%90%d7%99%d7%99%d7%9c-%d7%a2%d7%9e%d7%99%d7%aa-%d7%90%d7%a7%d7%a1%d7%98%d7%a8%d7%99%d7%9d-%d7%96%d7%94-%d7%a0%d7%a2%d7%99%d7%9d/	(51) הטור של אייל עמית: אקסטרים זה נעים!
posts	/49-%d7%94%d7%98%d7%95%d7%a8-%d7%a9%d7%9c-%d7%90%d7%99%d7%99%d7%9c-%d7%a2%d7%9e%d7%99%d7%aa-%d7%a7%d7%95%d7%9e%d7%99%d7%a7-%d7%a8%d7%9c%d7%99%d7%a3/	(49) הטור של אייל עמית: קומיק רליף
posts	/47-%d7%94%d7%98%d7%95%d7%a8-%d7%a9%d7%9c-%d7%90%d7%99%d7%99%d7%9c-%d7%a2%d7%9e%d7%99%d7%aa-%d7%96%d7%9e%d7%9f-%d7%97%d7%9c%d7%95%d7%9d/	זמן חלום (וידאו בלוג) &#8211; השקת הספר 'כושי בלאנטיס' גג מסעדת הטאלי 24 רופי | אוגוסט 2004
posts	/45-%d7%94%d7%98%d7%95%d7%a8-%d7%a9%d7%9c-%d7%90%d7%99%d7%99%d7%9c-%d7%a2%d7%9e%d7%99%d7%aa-%d7%a4%d7%a8%d7%95%d7%a4%d7%95%d7%a8%d7%a6%d7%99%d7%95%d7%aa/	(45) הטור של אייל עמית: פרופורציות
posts	/43-%d7%94%d7%98%d7%95%d7%a8-%d7%a9%d7%9c-%d7%90%d7%99%d7%99%d7%9c-%d7%a2%d7%9e%d7%99%d7%aa-%d7%90%d7%93%d7%95%d7%9f-%d7%a1%d7%9c%d7%99%d7%97%d7%95%d7%aa/	(43) הטור של אייל עמית: אדון סליחות
posts	/42-%d7%94%d7%98%d7%95%d7%a8-%d7%a9%d7%9c-%d7%90%d7%99%d7%99%d7%9c-%d7%a2%d7%9e%d7%99%d7%aa-%d7%90%d7%97%d7%93-%d7%91%d7%a1%d7%a4%d7%98%d7%9e%d7%91%d7%a8/	(42) הטור של אייל עמית: אחד בספטמבר
posts	/41-%d7%94%d7%98%d7%95%d7%a8-%d7%a9%d7%9c-%d7%90%d7%99%d7%99%d7%9c-%d7%a2%d7%9e%d7%99%d7%aa-%d7%97%d7%90%d7%a8%d7%98%d7%94-%d7%91%d7%90%d7%a8%d7%98%d7%94/	(41) הטור של אייל עמית: חארטה בארטה
posts	/40-%d7%94%d7%98%d7%95%d7%a8-%d7%a9%d7%9c-%d7%90%d7%99%d7%99%d7%9c-%d7%a2%d7%9e%d7%99%d7%aa-%d7%a4%d7%a8%d7%a1%d7%95%d7%9e%d7%aa-%d7%90%d7%97%d7%aa-%d7%95%d7%97%d7%96%d7%a8%d7%a0%d7%95/	(40) הטור של אייל עמית: פרסומת אחת וחזרנו
posts	/36-%d7%94%d7%98%d7%95%d7%a8-%d7%a9%d7%9c-%d7%90%d7%99%d7%99%d7%9c-%d7%a2%d7%9e%d7%99%d7%aa-%d7%a9%d7%99%d7%98%d7%aa-%d7%94%d7%a9%d7%a7%d7%a9%d7%95%d7%a7%d7%94/	(36) הטור של אייל עמית: שיטת השקשוקה
posts	/34-%d7%94%d7%98%d7%95%d7%a8-%d7%a9%d7%9c-%d7%90%d7%99%d7%99%d7%9c-%d7%a2%d7%9e%d7%99%d7%aa-%d7%94%d7%9c%d7%91/	(34) הטור של אייל עמית: הלב
posts	/32-%d7%94%d7%98%d7%95%d7%a8-%d7%a9%d7%9c-%d7%90%d7%99%d7%99%d7%9c-%d7%a2%d7%9e%d7%99%d7%aa-%d7%90%d7%9d-%d7%90%d7%99%d7%9f-%d7%90%d7%a0%d7%99-%d7%9c%d7%99-%d7%9e%d7%99-%d7%9c%d7%99/	(32) הטור של אייל עמית: אם אין אני לי &#8211; מי לי
posts	/29-%d7%94%d7%98%d7%95%d7%a8-%d7%a9%d7%9c-%d7%90%d7%99%d7%99%d7%9c-%d7%a2%d7%9e%d7%99%d7%aa-%d7%a8%d7%99%d7%99%d7%91-%d7%a9%d7%91%d7%95%d7%a2-%d7%94%d7%a1%d7%a4%d7%a8/	(29) הטור של אייל עמית: רייב שבוע הספר
posts	/27-%d7%94%d7%98%d7%95%d7%a8-%d7%a9%d7%9c-%d7%90%d7%99%d7%99%d7%9c-%d7%a2%d7%9e%d7%99%d7%aa-%d7%97%d7%9b%d7%9e%d7%aa-%d7%94%d7%a4%d7%a8%d7%a6%d7%95%d7%a3/	(27) הטור של אייל עמית: חכמת הפרצוף
posts	/%d7%94%d7%98%d7%95%d7%a8-%d7%a9%d7%9c-%d7%90%d7%99%d7%99%d7%9c-%d7%a2%d7%9e%d7%99%d7%aa-24-%d7%99%d7%9c%d7%93-%d7%90%d7%a1%d7%95%d7%a8-%d7%99%d7%9c%d7%93-%d7%9e%d7%95%d7%aa%d7%a8/	(24) הטור של אייל עמית: ילד אסור ילד מותר
posts	/23-%d7%94%d7%98%d7%95%d7%a8-%d7%a9%d7%9c-%d7%90%d7%99%d7%99%d7%9c-%d7%a2%d7%9e%d7%99%d7%aa-%d7%9c%d7%a6%d7%99%d7%99%d7%aa-%d7%90%d7%95-%d7%9c%d7%97%d7%a9%d7%95%d7%91/	(23) הטור של אייל עמית: לציית או לחשוב
posts	/18-%d7%94%d7%98%d7%95%d7%a8-%d7%a9%d7%9c-%d7%90%d7%99%d7%99%d7%9c-%d7%a2%d7%9e%d7%99%d7%aa-%d7%9e%d7%a1%d7%9a-%d7%94%d7%91%d7%a8%d7%96%d7%9c/	(18) הטור של אייל עמית: מסך הברזל