200	http://eyalamit-co-il-2026.s887.upress.link/	
200	http://eyalamit-co-il-2026.s887.upress.link/%d7%90%d7%99%d7%99%d7%9c-%d7%a2%d7%9e%d7%99%d7%aa-%d7%aa%d7%95%d7%a4%d7%a2%d7%aa-%d7%99%d7%97%d7%99%d7%93-%d7%9e%d7%95%d7%a4%d7%a2-%d7%a1%d7%99%d7%a4%d7%95%d7%a8%d7%99%d7%9d-spoken-stories-15/	
200	http://eyalamit-co-il-2026.s887.upress.link/%d7%90%d7%aa-%d7%94%d7%a1%d7%a4%d7%a8-%d7%94%d7%97%d7%93%d7%a9-%d7%a9%d7%9c%d7%99-%d7%9c%d7%90-%d7%aa%d7%9e%d7%a6%d7%90%d7%95-%d7%91%d7%a8%d7%a9%d7%aa%d7%95%d7%aa-%d7%94%d7%a1%d7%a4%d7%a8%d7%99%d7%9d/	
200	http://eyalamit-co-il-2026.s887.upress.link/%d7%91%d7%99%d7%a7%d7%95%d7%a8%d7%95%d7%aa-%d7%92%d7%95%d7%9c%d7%a9%d7%99%d7%9d-%d7%90%d7%95%d7%93%d7%95%d7%aa-%d7%a2%d7%9b%d7%a9%d7%99%d7%95-%d7%9e%d7%95%d7%a4%d7%a2-%d7%94%d7%a1%d7%99%d7%a4/	
200	http://eyalamit-co-il-2026.s887.upress.link/%d7%93%d7%99%d7%92%d7%a8%d7%99%d7%93%d7%95-%d7%a4%d7%a8%d7%93%d7%a1-%d7%97%d7%a0%d7%94-%d7%a1%d7%98%d7%95%d7%93%d7%99%d7%95-%d7%9c%d7%91%d7%a0%d7%99%d7%99%d7%94-%d7%95%d7%a0%d7%92%d7%99%d7%a0/	
200	http://eyalamit-co-il-2026.s887.upress.link/%d7%93%d7%a3-%d7%a4%d7%99%d7%99%d7%a1%d7%91%d7%95%d7%a7-%d7%97%d7%93%d7%a9-%d7%9c%d7%9e%d7%95%d7%a4%d7%a2-%d7%94%d7%96%d7%9e%d7%a0%d7%94-%d7%9c%d7%a9%d7%a0%d7%99-%d7%94%d7%9e%d7%95%d7%a4%d7%a2%d7%99/	
200	http://eyalamit-co-il-2026.s887.upress.link/%d7%94%d7%96%d7%9e%d7%a0%d7%94-%d7%9c%d7%94%d7%a9%d7%a7%d7%aa-%d7%94%d7%a1%d7%a4%d7%a8-%d7%94%d7%97%d7%93%d7%a9-%d7%95%d7%9b%d7%aa%d7%91%d7%aa%d6%b8-%d7%90%d7%99%d7%99%d7%9c-%d7%a2%d7%9e/	
200	http://eyalamit-co-il-2026.s887.upress.link/%d7%94%d7%98%d7%95%d7%a8-%d7%a9%d7%9c-%d7%90%d7%99%d7%99%d7%9c-%d7%a2%d7%9e%d7%99%d7%aa-%d7%90%d7%99%d7%9a-%d7%94%d7%aa%d7%97%d7%9c%d7%aa%d7%99-%d7%9c%d7%9b%d7%aa%d7%95%d7%91-%d7%95%d7%9c%d7%a1%d7%a4/	
200	http://eyalamit-co-il-2026.s887.upress.link/%d7%94%d7%98%d7%95%d7%a8-%d7%a9%d7%9c-%d7%90%d7%99%d7%99%d7%9c-%d7%a2%d7%9e%d7%99%d7%aa-%d7%94%d7%a1%d7%a4%d7%a8-%d7%94%d7%97%d7%93%d7%a9-%d7%a9%d7%9c%d7%99-%d7%96%d7%a7%d7%95%d7%a7-%d7%9c/	
200	http://eyalamit-co-il-2026.s887.upress.link/%d7%94%d7%98%d7%95%d7%a8-%d7%a9%d7%9c-%d7%90%d7%99%d7%99%d7%9c-%d7%a2%d7%9e%d7%99%d7%aa-24-%d7%99%d7%9c%d7%93-%d7%90%d7%a1%d7%95%d7%a8-%d7%99%d7%9c%d7%93-%d7%9e%d7%95%d7%aa%d7%a8/	
200	http://eyalamit-co-il-2026.s887.upress.link/%d7%95%d7%a1%d7%99%d7%a4%d7%a8%d7%aa%d6%b8%d6%bc-%d7%9e%d7%95%d7%a4%d7%a2-%d7%94%d7%a1%d7%a4%d7%95%d7%a7%d7%9f-%d7%a1%d7%98%d7%95%d7%a8%d7%99%d7%96-%d7%a9%d7%9c-%d7%90%d7%99%d7%99%d7%9c-%d7%a2%d7%9e/	
200	http://eyalamit-co-il-2026.s887.upress.link/%d7%98%d7%99%d7%a4%d7%95%d7%9c-%d7%91%d7%a0%d7%a9%d7%99%d7%9e%d7%94-%d7%91%d7%90%d7%9e%d7%a6%d7%a2%d7%95%d7%aa-%d7%93%d7%99%d7%92%d7%a8%d7%99%d7%93%d7%95-%d7%9c%d7%9c%d7%9e%d7%95%d7%93-%d7%9c/	
200	http://eyalamit-co-il-2026.s887.upress.link/%d7%98%d7%99%d7%a4%d7%95%d7%9c-%d7%91%d7%a4%d7%95%d7%a1%d7%98-%d7%98%d7%a8%d7%90%d7%95%d7%9e%d7%94-%d7%9c%d7%97%d7%99%d7%99%d7%9c-%d7%9e%d7%a9%d7%95%d7%97%d7%a8%d7%a8-%d7%9e%d7%92%d7%95%d7%9c%d7%a0/	
200	http://eyalamit-co-il-2026.s887.upress.link/%d7%9b%d7%aa%d7%91%d7%94-%d7%90%d7%95%d7%93%d7%95%d7%aa-%d7%90%d7%99%d7%99%d7%9c-%d7%a2%d7%9e%d7%99%d7%aa-%d7%9e%d7%95%d7%a8%d7%94-%d7%95%d7%9e%d7%98%d7%a4%d7%9c-%d7%91%d7%93%d7%99%d7%92%d7%a8%d7%99/	
200	http://eyalamit-co-il-2026.s887.upress.link/%d7%9b%d7%aa%d7%91%d7%94-%d7%a2%d7%9c-%d7%aa%d7%95%d7%a4%d7%a2%d7%aa-%d7%99%d7%97%d7%99%d7%93-%d7%91-%d7%94%d7%9e%d7%a7%d7%95%d7%9e%d7%95%d7%9f-%d7%92%d7%91%d7%a2%d7%aa%d7%99%d7%99%d7%9d-%d7%a8/	
200	http://eyalamit-co-il-2026.s887.upress.link/%d7%9c%d7%90-%d7%91%d7%a2%d7%95%d7%93-%d7%a8%d7%92%d7%a2-%d7%9c%d7%90-%d7%91%d7%a2%d7%95%d7%93-%d7%a9%d7%a0%d7%99%d7%99%d7%94-%d7%a2-%d7%9b-%d7%a9-%d7%99-%d7%95/	
200	http://eyalamit-co-il-2026.s887.upress.link/%d7%9e%d7%95%d7%a4%d7%a2-%d7%94%d7%a1%d7%99%d7%a4%d7%95%d7%a8%d7%99%d7%9d-%d7%a9%d7%9c-%d7%90%d7%99%d7%99%d7%9c-%d7%a2%d7%9e%d7%99%d7%aa-%d7%9b%d7%aa%d7%91%d7%94-%d7%9e%d7%90%d7%aa-%d7%a8%d7%95/	
200	http://eyalamit-co-il-2026.s887.upress.link/%d7%9e%d7%95%d7%a4%d7%a2-%d7%94%d7%a1%d7%99%d7%a4%d7%95%d7%a8%d7%99%d7%9d-%d7%a9%d7%9c-%d7%90%d7%99%d7%99%d7%9c-%d7%a2%d7%9e%d7%99%d7%aa-%d7%a9%d7%99%d7%a9%d7%99-23-10-15-%d7%91%d7%aa%d7%99%d7%90/	
200	http://eyalamit-co-il-2026.s887.upress.link/%d7%9e%d7%95%d7%a7%d7%a9-%d7%93%d7%94%d7%99%d7%9e%d7%9f-%d7%9e%d7%90%d7%a1%d7%98%d7%a8-%d7%93%d7%99%d7%92%d7%a8%d7%99%d7%93%d7%95-%d7%a6%d7%99%d7%95%d7%a8-%d7%9e%d7%a7%d7%95%d7%a8%d7%99-%d7%97/	
200	http://eyalamit-co-il-2026.s887.upress.link/%d7%9e%d7%95%d7%a8%d7%94-%d7%9c%d7%93%d7%99%d7%92%d7%a8%d7%99%d7%93%d7%95-%d7%9e%d7%95%d7%93%d7%94-%d7%9c%d7%9e%d7%95%d7%a8%d7%99%d7%95-%d7%aa%d7%9c%d7%9e%d7%99%d7%93%d7%99%d7%95-%d7%95%d7%9e%d7%98/	
200	http://eyalamit-co-il-2026.s887.upress.link/%d7%a0%d7%a9%d7%99%d7%9d-%d7%9e%d7%a0%d7%92%d7%a0%d7%95%d7%aa-%d7%91%d7%93%d7%99%d7%92%d7%a8%d7%99%d7%93%d7%95-%d7%90%d7%99%d7%a9%d7%94-%d7%9e%d7%a0%d7%92%d7%a0%d7%aa-%d7%91%d7%93%d7%99%d7%92/	
200	http://eyalamit-co-il-2026.s887.upress.link/%d7%a0%d7%a9%d7%99%d7%9e%d7%94-%d7%9e%d7%a2%d7%92%d7%9c%d7%99%d7%aa-%d7%91%d7%93%d7%99%d7%92%d7%a8%d7%99%d7%93%d7%95-%d7%98%d7%99%d7%a4%d7%95%d7%9c-%d7%a8%d7%99%d7%a4%d7%95%d7%99-%d7%a2%d7%a6/	
200	http://eyalamit-co-il-2026.s887.upress.link/%d7%a1%d7%93%d7%a0%d7%aa-%d7%93%d7%99%d7%92%d7%a8%d7%99%d7%93%d7%95-%d7%a7%d7%91%d7%95%d7%a6%d7%aa%d7%99%d7%aa-%d7%9e%d7%a7%d7%99%d7%a4%d7%94-%d7%95%d7%99%d7%99%d7%97%d7%95%d7%93%d7%99%d7%aa-%d7%9c/	
200	http://eyalamit-co-il-2026.s887.upress.link/%d7%a1%d7%a8%d7%98%d7%99%d7%9d-%d7%9e%d7%94%d7%97%d7%99%d7%99%d7%9d-%d7%9e%d7%95%d7%a4%d7%a2-%d7%94%d7%a1%d7%99%d7%a4%d7%95%d7%a8%d7%99%d7%9d-%d7%a9%d7%9c-%d7%90%d7%99%d7%99%d7%9c-%d7%a2%d7%9e%d7%99/	
200	http://eyalamit-co-il-2026.s887.upress.link/%d7%a2%d7%95%d7%93-%d7%a8%d7%92%d7%a2-%d7%9e%d7%97%d7%99%d7%99%d7%95-%d7%a9%d7%9c-%d7%9e%d7%95%d7%a8%d7%94-%d7%9c%d7%93%d7%99%d7%92%d7%a8%d7%99%d7%93%d7%95/	
200	http://eyalamit-co-il-2026.s887.upress.link/%d7%a2%d7%9b%d7%a9%d7%99%d7%95-%d7%94%d7%95%d7%a4%d7%a2%d7%94-%d7%91%d7%9e%d7%95%d7%a6%d7%a9-%d7%94%d7%a7%d7%a8%d7%95%d7%91-13-9-14-%d7%91%d7%a4%d7%a8%d7%93%d7%a1-%d7%97%d7%a0%d7%94/	
200	http://eyalamit-co-il-2026.s887.upress.link/%d7%a2%d7%9b%d7%a9%d7%99%d7%95-%d7%9e%d7%95%d7%a4%d7%a2-%d7%94%d7%a1%d7%99%d7%a4%d7%95%d7%a8%d7%99%d7%9d-%d7%a9%d7%9c-%d7%90%d7%99%d7%99%d7%9c-%d7%a2%d7%9e%d7%99%d7%aa-%d7%aa%d7%95%d7%a4%d7%a2/	
200	http://eyalamit-co-il-2026.s887.upress.link/%d7%a2%d7%9b%d7%a9%d7%99%d7%95-%d7%9e%d7%95%d7%a4%d7%a2-%d7%94%d7%a1%d7%99%d7%a4%d7%95%d7%a8%d7%99%d7%9d-%d7%a9%d7%9c-%d7%90%d7%99%d7%99%d7%9c-%d7%a2%d7%9e%d7%99%d7%aa-15-11-14-%d7%91%d7%aa/	
200	http://eyalamit-co-il-2026.s887.upress.link/%d7%a2%d7%9e%d7%99%d7%aa-%d7%91%d7%99%d6%b8%d7%93%d6%b4%d7%99%d7%aa-%d7%9e%d7%95%d7%a4%d7%a2-%d7%94%d7%a1%d7%99%d7%a4%d7%95%d7%a8%d7%99%d7%9d-%d7%a9%d7%9c-%d7%90%d7%99%d7%99%d7%9c-%d7%a2%d7%9e%d7%99/	
200	http://eyalamit-co-il-2026.s887.upress.link/%d7%a4%d7%95%d7%93%d7%a7%d7%90%d7%a1%d7%98-%d7%93%d7%99%d7%92%d7%a8%d7%99%d7%93%d7%95-%d7%95-%d7%a0%d7%a9%d7%99%d7%9e%d7%94-%d7%90%d7%99%d7%99%d7%9c-%d7%a2%d7%9e%d7%99%d7%aa-2/	
200	http://eyalamit-co-il-2026.s887.upress.link/%d7%a4%d7%95%d7%93%d7%a7%d7%90%d7%a1%d7%98-%d7%93%d7%99%d7%92%d7%a8%d7%99%d7%93%d7%95-%d7%95-%d7%a0%d7%a9%d7%99%d7%9e%d7%94-%d7%90%d7%99%d7%99%d7%9c-%d7%a2%d7%9e%d7%99%d7%aa/	
200	http://eyalamit-co-il-2026.s887.upress.link/%d7%a8%d7%99%d7%91%d7%a8%d7%a1%d7%99%d7%a0%d7%92-%d7%a0%d7%a9%d7%99%d7%9e%d7%94-%d7%9e%d7%a2%d7%92%d7%9c%d7%99%d7%aa-%d7%93%d7%99%d7%92%d7%a8%d7%99%d7%93%d7%95/	
200	http://eyalamit-co-il-2026.s887.upress.link/%d7%a9%d7%a0%d7%94-%d7%9c%d7%97%d7%95%d7%a7-%d7%94%d7%a1%d7%a4%d7%a8%d7%99%d7%9d-%d7%a6%d7%a0%d7%99%d7%97%d7%94-%d7%a9%d7%9c-35-%d7%91%d7%9e%d7%9b%d7%99%d7%a8%d7%95%d7%aa-%d7%a9%d7%9c-%d7%a1%d7%a4/	
200	http://eyalamit-co-il-2026.s887.upress.link/%d7%a9%d7%a0%d7%99-%d7%aa%d7%90%d7%a8%d7%99%d7%9b%d7%99%d7%9d-%d7%a7%d7%a8%d7%95%d7%91%d7%99%d7%9d-%d7%9c%d7%9e%d7%95%d7%a4%d7%a2-%d7%94%d7%a1%d7%99%d7%a4%d7%95%d7%a8%d7%99%d7%9d-%d7%a9%d7%9c-%d7%90/	
200	http://eyalamit-co-il-2026.s887.upress.link/%d7%aa%d7%9c%d7%9e%d7%99%d7%93%d7%99%d7%9d-%d7%95%d7%9e%d7%98%d7%95%d7%a4%d7%9c%d7%99%d7%9d-%d7%9e%d7%9e%d7%9c%d7%99%d7%a6%d7%99%d7%9d-%d7%a2%d7%9c-%d7%94%d7%9e%d7%a8%d7%9b%d7%96-%d7%9c%d7%98%d7%99/	
200	http://eyalamit-co-il-2026.s887.upress.link/100-100-100-%d7%aa%d7%95%d7%93%d7%94/	
200	http://eyalamit-co-il-2026.s887.upress.link/18-%d7%94%d7%98%d7%95%d7%a8-%d7%a9%d7%9c-%d7%90%d7%99%d7%99%d7%9c-%d7%a2%d7%9e%d7%99%d7%aa-%d7%9e%d7%a1%d7%9a-%d7%94%d7%91%d7%a8%d7%96%d7%9c/	
200	http://eyalamit-co-il-2026.s887.upress.link/2-8-%d7%9e%d7%95%d7%a4%d7%a2-%d7%91%d7%a6%d7%95%d7%95%d7%aa%d7%90-20-%d7%9e%d7%94%d7%9e%d7%a7%d7%95%d7%9e%d7%95%d7%aa-%d7%91%d7%90%d7%95%d7%9c%d7%9d-%d7%97%d7%99%d7%a0%d7%9d-%d7%9c%d7%aa%d7%95%d7%a9/	
200	http://eyalamit-co-il-2026.s887.upress.link/2228-2/	
200	http://eyalamit-co-il-2026.s887.upress.link/23-%d7%94%d7%98%d7%95%d7%a8-%d7%a9%d7%9c-%d7%90%d7%99%d7%99%d7%9c-%d7%a2%d7%9e%d7%99%d7%aa-%d7%9c%d7%a6%d7%99%d7%99%d7%aa-%d7%90%d7%95-%d7%9c%d7%97%d7%a9%d7%95%d7%91/	
200	http://eyalamit-co-il-2026.s887.upress.link/27-%d7%94%d7%98%d7%95%d7%a8-%d7%a9%d7%9c-%d7%90%d7%99%d7%99%d7%9c-%d7%a2%d7%9e%d7%99%d7%aa-%d7%97%d7%9b%d7%9e%d7%aa-%d7%94%d7%a4%d7%a8%d7%a6%d7%95%d7%a3/	
200	http://eyalamit-co-il-2026.s887.upress.link/29-%d7%94%d7%98%d7%95%d7%a8-%d7%a9%d7%9c-%d7%90%d7%99%d7%99%d7%9c-%d7%a2%d7%9e%d7%99%d7%aa-%d7%a8%d7%99%d7%99%d7%91-%d7%a9%d7%91%d7%95%d7%a2-%d7%94%d7%a1%d7%a4%d7%a8/	
200	http://eyalamit-co-il-2026.s887.upress.link/32-%d7%94%d7%98%d7%95%d7%a8-%d7%a9%d7%9c-%d7%90%d7%99%d7%99%d7%9c-%d7%a2%d7%9e%d7%99%d7%aa-%d7%90%d7%9d-%d7%90%d7%99%d7%9f-%d7%90%d7%a0%d7%99-%d7%9c%d7%99-%d7%9e%d7%99-%d7%9c%d7%99/	
200	http://eyalamit-co-il-2026.s887.upress.link/34-%d7%94%d7%98%d7%95%d7%a8-%d7%a9%d7%9c-%d7%90%d7%99%d7%99%d7%9c-%d7%a2%d7%9e%d7%99%d7%aa-%d7%94%d7%9c%d7%91/	
200	http://eyalamit-co-il-2026.s887.upress.link/36-%d7%94%d7%98%d7%95%d7%a8-%d7%a9%d7%9c-%d7%90%d7%99%d7%99%d7%9c-%d7%a2%d7%9e%d7%99%d7%aa-%d7%a9%d7%99%d7%98%d7%aa-%d7%94%d7%a9%d7%a7%d7%a9%d7%95%d7%a7%d7%94/	
200	http://eyalamit-co-il-2026.s887.upress.link/40-%d7%94%d7%98%d7%95%d7%a8-%d7%a9%d7%9c-%d7%90%d7%99%d7%99%d7%9c-%d7%a2%d7%9e%d7%99%d7%aa-%d7%a4%d7%a8%d7%a1%d7%95%d7%9e%d7%aa-%d7%90%d7%97%d7%aa-%d7%95%d7%97%d7%96%d7%a8%d7%a0%d7%95/	
200	http://eyalamit-co-il-2026.s887.upress.link/42-%d7%94%d7%98%d7%95%d7%a8-%d7%a9%d7%9c-%d7%90%d7%99%d7%99%d7%9c-%d7%a2%d7%9e%d7%99%d7%aa-%d7%90%d7%97%d7%93-%d7%91%d7%a1%d7%a4%d7%98%d7%9e%d7%91%d7%a8/	
200	http://eyalamit-co-il-2026.s887.upress.link/43-%d7%94%d7%98%d7%95%d7%a8-%d7%a9%d7%9c-%d7%90%d7%99%d7%99%d7%9c-%d7%a2%d7%9e%d7%99%d7%aa-%d7%90%d7%93%d7%95%d7%9f-%d7%a1%d7%9c%d7%99%d7%97%d7%95%d7%aa/	
200	http://eyalamit-co-il-2026.s887.upress.link/45-%d7%94%d7%98%d7%95%d7%a8-%d7%a9%d7%9c-%d7%90%d7%99%d7%99%d7%9c-%d7%a2%d7%9e%d7%99%d7%aa-%d7%a4%d7%a8%d7%95%d7%a4%d7%95%d7%a8%d7%a6%d7%99%d7%95%d7%aa/	
200	http://eyalamit-co-il-2026.s887.upress.link/47-%d7%94%d7%98%d7%95%d7%a8-%d7%a9%d7%9c-%d7%90%d7%99%d7%99%d7%9c-%d7%a2%d7%9e%d7%99%d7%aa-%d7%96%d7%9e%d7%9f-%d7%97%d7%9c%d7%95%d7%9d/	
200	http://eyalamit-co-il-2026.s887.upress.link/49-%d7%94%d7%98%d7%95%d7%a8-%d7%a9%d7%9c-%d7%90%d7%99%d7%99%d7%9c-%d7%a2%d7%9e%d7%99%d7%aa-%d7%a7%d7%95%d7%9e%d7%99%d7%a7-%d7%a8%d7%9c%d7%99%d7%a3/	
200	http://eyalamit-co-il-2026.s887.upress.link/51-%d7%94%d7%98%d7%95%d7%a8-%d7%a9%d7%9c-%d7%90%d7%99%d7%99%d7%9c-%d7%a2%d7%9e%d7%99%d7%aa-%d7%90%d7%a7%d7%a1%d7%98%d7%a8%d7%99%d7%9d-%d7%96%d7%94-%d7%a0%d7%a2%d7%99%d7%9d/	
200	http://eyalamit-co-il-2026.s887.upress.link/60-%d7%94%d7%98%d7%95%d7%a8-%d7%a9%d7%9c-%d7%90%d7%99%d7%99%d7%9c-%d7%a2%d7%9e%d7%99%d7%aa-%d7%90%d7%99%d7%99-%d7%90%d7%9d-%d7%91%d7%a7/	
301	http://eyalamit-co-il-2026.s887.upress.link/about/moksha/	http://eyalamit-co-il-2026.s887.upress.link/eyal-amit/mokesh-dahiman/
200	http://eyalamit-co-il-2026.s887.upress.link/accessibility/	
200	http://eyalamit-co-il-2026.s887.upress.link/bags/	
200	http://eyalamit-co-il-2026.s887.upress.link/blog/	
200	http://eyalamit-co-il-2026.s887.upress.link/books/	
200	http://eyalamit-co-il-2026.s887.upress.link/books/kushi-blantis/	
200	http://eyalamit-co-il-2026.s887.upress.link/books/tsva-bekahol/	
200	http://eyalamit-co-il-2026.s887.upress.link/books/vekatavta/	
200	http://eyalamit-co-il-2026.s887.upress.link/contact/	
301	http://eyalamit-co-il-2026.s887.upress.link/courses-soon/	http://eyalamit-co-il-2026.s887.upress.link/learning/courses-external/
200	http://eyalamit-co-il-2026.s887.upress.link/didgeridoos/	
200	http://eyalamit-co-il-2026.s887.upress.link/en/	
200	http://eyalamit-co-il-2026.s887.upress.link/eyal-amit/	
200	http://eyalamit-co-il-2026.s887.upress.link/eyal-amit/mokesh-dahiman/	
200	http://eyalamit-co-il-2026.s887.upress.link/faq/	
200	http://eyalamit-co-il-2026.s887.upress.link/galleries/	
301	http://eyalamit-co-il-2026.s887.upress.link/hashita/	http://eyalamit-co-il-2026.s887.upress.link/method/
200	http://eyalamit-co-il-2026.s887.upress.link/historical-articles/	
200	http://eyalamit-co-il-2026.s887.upress.link/learning/	
200	http://eyalamit-co-il-2026.s887.upress.link/learning/courses-external/	
200	http://eyalamit-co-il-2026.s887.upress.link/learning/lectures/	
200	http://eyalamit-co-il-2026.s887.upress.link/learning/therapist-training/	
200	http://eyalamit-co-il-2026.s887.upress.link/learning/workshops/	
200	http://eyalamit-co-il-2026.s887.upress.link/lessons/	
200	http://eyalamit-co-il-2026.s887.upress.link/method/	
301	http://eyalamit-co-il-2026.s887.upress.link/muzeh/	http://eyalamit-co-il-2026.s887.upress.link/books/
301	http://eyalamit-co-il-2026.s887.upress.link/muzeh/kushi-blantis/	http://eyalamit-co-il-2026.s887.upress.link/books/kushi-blantis/
301	http://eyalamit-co-il-2026.s887.upress.link/muzeh/tsva-bechol-ve-zorek-layam/	http://eyalamit-co-il-2026.s887.upress.link/books/tsva-bekahol/
301	http://eyalamit-co-il-2026.s887.upress.link/muzeh/vekatavt/	http://eyalamit-co-il-2026.s887.upress.link/books/vekatavta/
301	http://eyalamit-co-il-2026.s887.upress.link/muzza/	http://eyalamit-co-il-2026.s887.upress.link/books/
301	http://eyalamit-co-il-2026.s887.upress.link/muzza/tsva-bechol-ve-zorek-layam/	http://eyalamit-co-il-2026.s887.upress.link/books/tsva-bekahol/
301	http://eyalamit-co-il-2026.s887.upress.link/muzza/vekatavt/	http://eyalamit-co-il-2026.s887.upress.link/books/vekatavta/
200	http://eyalamit-co-il-2026.s887.upress.link/press/	
200	http://eyalamit-co-il-2026.s887.upress.link/privacy/	
200	http://eyalamit-co-il-2026.s887.upress.link/qr/	
200	http://eyalamit-co-il-2026.s887.upress.link/qr/qr1/	
200	http://eyalamit-co-il-2026.s887.upress.link/qr/qr10/	
200	http://eyalamit-co-il-2026.s887.upress.link/qr/qr11/	
200	http://eyalamit-co-il-2026.s887.upress.link/qr/qr12/	
200	http://eyalamit-co-il-2026.s887.upress.link/qr/qr13/	
200	http://eyalamit-co-il-2026.s887.upress.link/qr/qr14/	
200	http://eyalamit-co-il-2026.s887.upress.link/qr/qr15/	
200	http://eyalamit-co-il-2026.s887.upress.link/qr/qr16/	
200	http://eyalamit-co-il-2026.s887.upress.link/qr/qr17/	
200	http://eyalamit-co-il-2026.s887.upress.link/qr/qr18/	
200	http://eyalamit-co-il-2026.s887.upress.link/qr/qr19/	
200	http://eyalamit-co-il-2026.s887.upress.link/qr/qr2/	
200	http://eyalamit-co-il-2026.s887.upress.link/qr/qr20/	
200	http://eyalamit-co-il-2026.s887.upress.link/qr/qr21/	
200	http://eyalamit-co-il-2026.s887.upress.link/qr/qr22/	
200	http://eyalamit-co-il-2026.s887.upress.link/qr/qr23/	
200	http://eyalamit-co-il-2026.s887.upress.link/qr/qr24/	
200	http://eyalamit-co-il-2026.s887.upress.link/qr/qr25/	
200	http://eyalamit-co-il-2026.s887.upress.link/qr/qr26/	
200	http://eyalamit-co-il-2026.s887.upress.link/qr/qr27/	
200	http://eyalamit-co-il-2026.s887.upress.link/qr/qr28/	
200	http://eyalamit-co-il-2026.s887.upress.link/qr/qr29/	
200	http://eyalamit-co-il-2026.s887.upress.link/qr/qr3/	
200	http://eyalamit-co-il-2026.s887.upress.link/qr/qr30/	
200	http://eyalamit-co-il-2026.s887.upress.link/qr/qr31/	
200	http://eyalamit-co-il-2026.s887.upress.link/qr/qr32/	
200	http://eyalamit-co-il-2026.s887.upress.link/qr/qr33/	
200	http://eyalamit-co-il-2026.s887.upress.link/qr/qr34/	
200	http://eyalamit-co-il-2026.s887.upress.link/qr/qr35/	
200	http://eyalamit-co-il-2026.s887.upress.link/qr/qr36/	
200	http://eyalamit-co-il-2026.s887.upress.link/qr/qr37/	
200	http://eyalamit-co-il-2026.s887.upress.link/qr/qr38/	
200	http://eyalamit-co-il-2026.s887.upress.link/qr/qr39/	
200	http://eyalamit-co-il-2026.s887.upress.link/qr/qr4/	
200	http://eyalamit-co-il-2026.s887.upress.link/qr/qr40/	
200	http://eyalamit-co-il-2026.s887.upress.link/qr/qr41/	
200	http://eyalamit-co-il-2026.s887.upress.link/qr/qr42/	
200	http://eyalamit-co-il-2026.s887.upress.link/qr/qr43/	
200	http://eyalamit-co-il-2026.s887.upress.link/qr/qr44/	
200	http://eyalamit-co-il-2026.s887.upress.link/qr/qr45/	
200	http://eyalamit-co-il-2026.s887.upress.link/qr/qr46/	
200	http://eyalamit-co-il-2026.s887.upress.link/qr/qr47/	
200	http://eyalamit-co-il-2026.s887.upress.link/qr/qr48/	
200	http://eyalamit-co-il-2026.s887.upress.link/qr/qr5/	
200	http://eyalamit-co-il-2026.s887.upress.link/qr/qr6/	
200	http://eyalamit-co-il-2026.s887.upress.link/qr/qr7/	
200	http://eyalamit-co-il-2026.s887.upress.link/qr/qr8/	
200	http://eyalamit-co-il-2026.s887.upress.link/qr/qr9/	
200	http://eyalamit-co-il-2026.s887.upress.link/repair/	
301	http://eyalamit-co-il-2026.s887.upress.link/services/didgeridoo-lessons/	http://eyalamit-co-il-2026.s887.upress.link/lessons/
301	http://eyalamit-co-il-2026.s887.upress.link/services/didgeridoo-treatment-breath/	http://eyalamit-co-il-2026.s887.upress.link/treatment/
301	http://eyalamit-co-il-2026.s887.upress.link/services/handmade-instruments/	http://eyalamit-co-il-2026.s887.upress.link/didgeridoos/
200	http://eyalamit-co-il-2026.s887.upress.link/shop/	
301	http://eyalamit-co-il-2026.s887.upress.link/shows-heritage/	http://eyalamit-co-il-2026.s887.upress.link/
200	http://eyalamit-co-il-2026.s887.upress.link/snoring-sleep-apnea/	
200	http://eyalamit-co-il-2026.s887.upress.link/sound-healing/	
200	http://eyalamit-co-il-2026.s887.upress.link/stand-floor/	
200	http://eyalamit-co-il-2026.s887.upress.link/stands-storage/	
200	http://eyalamit-co-il-2026.s887.upress.link/terms/	
200	http://eyalamit-co-il-2026.s887.upress.link/testimonials/	
200	http://eyalamit-co-il-2026.s887.upress.link/thank-you/	
301	http://eyalamit-co-il-2026.s887.upress.link/tools-and-accessories/	http://eyalamit-co-il-2026.s887.upress.link/shop/
301	http://eyalamit-co-il-2026.s887.upress.link/tools-and-accessories/instruments/	http://eyalamit-co-il-2026.s887.upress.link/didgeridoos/
301	http://eyalamit-co-il-2026.s887.upress.link/tools-and-accessories/repair/	http://eyalamit-co-il-2026.s887.upress.link/repair/
200	http://eyalamit-co-il-2026.s887.upress.link/treatment/	